codigoestacion,nombreestacion,departamento,municipio,fecha,valor_diario,unidadmedida
0026125508,LACATALINA  - AUT,RISARALDA,PEREIRA,2021-01-01,75.15795178807947,%
0026125710,APTO MATECAÑA TX GPS/GOES,RISARALDA,PEREIRA,2021-01-01,77.375,%
0026135501,EL PILAMO  - AUT,RISARALDA,PEREIRA,2021-01-01,77.54243558139534,%
0026125508,LACATALINA  - AUT,RISARALDA,PEREIRA,2021-01-02,76.82102010416668,%
0026125710,APTO MATECAÑA TX GPS/GOES,RISARALDA,PEREIRA,2021-01-02,73.25,%
0026135501,EL PILAMO  - AUT,RISARALDA,PEREIRA,2021-01-02,79.00320256944445,%
0026125508,LACATALINA  - AUT,RISARALDA,PEREIRA,2021-01-03,81.01266573459715,%
0026125710,APTO MATECAÑA TX GPS/GOES,RISARALDA,PEREIRA,2021-01-03,88.5,%
0026135501,EL PILAMO  - AUT,RISARALDA,PEREIRA,2021-01-03,80.35454692307692,%
0026125508,LACATALINA  - AUT,RISARALDA,PEREIRA,2021-01-04,91.26125235294117,%
0026125710,APTO MATECAÑA TX GPS/GOES,RISARALDA,PEREIRA,2021-01-04,93.1,%
0026135501,EL PILAMO  - AUT,RISARALDA,PEREIRA,2021-01-04,90.5490438888889,%
0026125508,LACATALINA  - AUT,RISARALDA,PEREIRA,2021-01-09,81.04467931578947,%
0026125710,APTO MATECAÑA TX GPS/GOES,RISARALDA,PEREIRA,2021-01-09,84.21428571428571,%
0026135501,EL PILAMO  - AUT,RISARALDA,PEREIRA,2021-01-09,79.59338797814208,%
0026125508,LACATALINA  - AUT,RISARALDA,PEREIRA,2021-01-10,78.36095243346008,%
0026125710,APTO MATECAÑA TX GPS/GOES,RISARALDA,PEREIRA,2021-01-10,75.25,%
0026135501,EL PILAMO  - AUT,RISARALDA,PEREIRA,2021-01-10,83.73401470588236,%
0026125508,LACATALINA  - AUT,RISARALDA,PEREIRA,2021-01-11,78.43883248962656,%
0026125710,APTO MATECAÑA TX GPS/GOES,RISARALDA,PEREIRA,2021-01-11,77.5625,%
0026135501,EL PILAMO  - AUT,RISARALDA,PEREIRA,2021-01-11,76.66646831730769,%
0026125508,LACATALINA  - AUT,RISARALDA,PEREIRA,2021-01-12,75.16286423580786,%
0026125710,APTO MATECAÑA TX GPS/GOES,RISARALDA,PEREIRA,2021-01-12,79.34782608695653,%
0026135501,EL PILAMO  - AUT,RISARALDA,PEREIRA,2021-01-12,78.76152450980392,%
0026125508,LACATALINA  - AUT,RISARALDA,PEREIRA,2021-01-13,75.25973864583332,%
0026125710,APTO MATECAÑA TX GPS/GOES,RISARALDA,PEREIRA,2021-01-13,72.91666666666667,%
0026135501,EL PILAMO  - AUT,RISARALDA,PEREIRA,2021-01-13,80.41048921985816,%
0026125508,LACATALINA  - AUT,RISARALDA,PEREIRA,2021-01-14,78.33514775423728,%
0026125710,APTO MATECAÑA TX GPS/GOES,RISARALDA,PEREIRA,2021-01-14,74.17647058823529,%
0026135501,EL PILAMO  - AUT,RISARALDA,PEREIRA,2021-01-14,86.40157838297873,%
0026125508,LACATALINA  - AUT,RISARALDA,PEREIRA,2021-01-15,76.48251080152671,%
0026125710,APTO MATECAÑA TX GPS/GOES,RISARALDA,PEREIRA,2021-01-15,70.29166666666666,%
0026135501,EL PILAMO  - AUT,RISARALDA,PEREIRA,2021-01-15,79.21622825757576,%
0026125508,LACATALINA  - AUT,RISARALDA,PEREIRA,2021-01-16,73.33236674825174,%
0026125710,APTO MATECAÑA TX GPS/GOES,RISARALDA,PEREIRA,2021-01-16,73.63636363636363,%
0026135501,EL PILAMO  - AUT,RISARALDA,PEREIRA,2021-01-16,77.93937402777777,%
0026125508,LACATALINA  - AUT,RISARALDA,PEREIRA,2021-01-17,71.21748118055555,%
0026125710,APTO MATECAÑA TX GPS/GOES,RISARALDA,PEREIRA,2021-01-17,74.0,%
0026135501,EL PILAMO  - AUT,RISARALDA,PEREIRA,2021-01-17,73.00936320675106,%
0026125508,LACATALINA  - AUT,RISARALDA,PEREIRA,2021-01-18,70.6804751388889,%
0026125710,APTO MATECAÑA TX GPS/GOES,RISARALDA,PEREIRA,2021-01-18,67.36363636363636,%
0026135501,EL PILAMO  - AUT,RISARALDA,PEREIRA,2021-01-18,76.4676607986111,%
0026125508,LACATALINA  - AUT,RISARALDA,PEREIRA,2021-01-19,70.9688353125,%
0026125710,APTO MATECAÑA TX GPS/GOES,RISARALDA,PEREIRA,2021-01-19,69.17391304347825,%
0026135501,EL PILAMO  - AUT,RISARALDA,PEREIRA,2021-01-19,74.59047249056603,%
0026125508,LACATALINA  - AUT,RISARALDA,PEREIRA,2021-01-20,70.60313774305556,%
0026125710,APTO MATECAÑA TX GPS/GOES,RISARALDA,PEREIRA,2021-01-20,68.3,%
0026135501,EL PILAMO  - AUT,RISARALDA,PEREIRA,2021-01-20,76.72618940972222,%
0026125508,LACATALINA  - AUT,RISARALDA,PEREIRA,2021-01-21,71.96075506944445,%
0026125710,APTO MATECAÑA TX GPS/GOES,RISARALDA,PEREIRA,2021-01-21,70.84210526315789,%
0026135501,EL PILAMO  - AUT,RISARALDA,PEREIRA,2021-01-21,77.0819957638889,%
0026125508,LACATALINA  - AUT,RISARALDA,PEREIRA,2021-01-22,74.4524020486111,%
0026125710,APTO MATECAÑA TX GPS/GOES,RISARALDA,PEREIRA,2021-01-22,73.6875,%
0026135501,EL PILAMO  - AUT,RISARALDA,PEREIRA,2021-01-22,76.77751666666667,%
0026125508,LACATALINA  - AUT,RISARALDA,PEREIRA,2021-01-23,77.71917942084943,%
0026125710,APTO MATECAÑA TX GPS/GOES,RISARALDA,PEREIRA,2021-01-23,83.76190476190477,%
0026135501,EL PILAMO  - AUT,RISARALDA,PEREIRA,2021-01-23,89.03677875471698,%
0026125508,LACATALINA  - AUT,RISARALDA,PEREIRA,2021-01-24,75.60083833333333,%
0026125710,APTO MATECAÑA TX GPS/GOES,RISARALDA,PEREIRA,2021-01-24,74.25,%
0026135501,EL PILAMO  - AUT,RISARALDA,PEREIRA,2021-01-24,74.38730882653061,%
0026125508,LACATALINA  - AUT,RISARALDA,PEREIRA,2021-01-25,75.14372940972223,%
0026125710,APTO MATECAÑA TX GPS/GOES,RISARALDA,PEREIRA,2021-01-25,71.4090909090909,%
0026135501,EL PILAMO  - AUT,RISARALDA,PEREIRA,2021-01-25,79.79958684027778,%
0026125508,LACATALINA  - AUT,RISARALDA,PEREIRA,2021-01-26,75.71827524305556,%
0026125710,APTO MATECAÑA TX GPS/GOES,RISARALDA,PEREIRA,2021-01-26,74.125,%
0026135501,EL PILAMO  - AUT,RISARALDA,PEREIRA,2021-01-26,82.64874006944444,%
0026125508,LACATALINA  - AUT,RISARALDA,PEREIRA,2021-01-27,75.719715,%
0026125710,APTO MATECAÑA TX GPS/GOES,RISARALDA,PEREIRA,2021-01-27,71.45833333333334,%
0026135501,EL PILAMO  - AUT,RISARALDA,PEREIRA,2021-01-27,77.75696635416668,%
0026125508,LACATALINA  - AUT,RISARALDA,PEREIRA,2021-01-28,74.6159731120332,%
0026125710,APTO MATECAÑA TX GPS/GOES,RISARALDA,PEREIRA,2021-01-28,73.70833333333333,%
0026135501,EL PILAMO  - AUT,RISARALDA,PEREIRA,2021-01-28,78.92753826086957,%
0026125508,LACATALINA  - AUT,RISARALDA,PEREIRA,2021-01-29,72.8998197237569,%
0026125710,APTO MATECAÑA TX GPS/GOES,RISARALDA,PEREIRA,2021-01-29,76.875,%
0026135501,EL PILAMO  - AUT,RISARALDA,PEREIRA,2021-01-29,71.58132812765957,%
0026125508,LACATALINA  - AUT,RISARALDA,PEREIRA,2021-01-30,69.35894579861112,%
0026125710,APTO MATECAÑA TX GPS/GOES,RISARALDA,PEREIRA,2021-01-30,66.04347826086956,%
0026135501,EL PILAMO  - AUT,RISARALDA,PEREIRA,2021-01-30,73.379004375,%
0026125508,LACATALINA  - AUT,RISARALDA,PEREIRA,2021-01-31,76.78518641129033,%
0026125710,APTO MATECAÑA TX GPS/GOES,RISARALDA,PEREIRA,2021-01-31,77.28571428571429,%
0026135501,EL PILAMO  - AUT,RISARALDA,PEREIRA,2021-01-31,79.42196820512821,%
0026125508,LACATALINA  - AUT,RISARALDA,PEREIRA,2021-02-01,72.36308475694445,%
0026125710,APTO MATECAÑA TX GPS/GOES,RISARALDA,PEREIRA,2021-02-01,69.1304347826087,%
0026135501,EL PILAMO  - AUT,RISARALDA,PEREIRA,2021-02-01,75.00754836805555,%
0026125508,LACATALINA  - AUT,RISARALDA,PEREIRA,2021-02-02,75.1205506569343,%
0026125710,APTO MATECAÑA TX GPS/GOES,RISARALDA,PEREIRA,2021-02-02,76.43478260869564,%
0026135501,EL PILAMO  - AUT,RISARALDA,PEREIRA,2021-02-02,75.83628354978356,%
0026125508,LACATALINA  - AUT,RISARALDA,PEREIRA,2021-02-03,74.9431101438849,%
0026125710,APTO MATECAÑA TX GPS/GOES,RISARALDA,PEREIRA,2021-02-03,73.30434782608695,%
0026135501,EL PILAMO  - AUT,RISARALDA,PEREIRA,2021-02-03,75.7122667361111,%
0026125508,LACATALINA  - AUT,RISARALDA,PEREIRA,2021-02-04,71.94371244755244,%
0026125710,APTO MATECAÑA TX GPS/GOES,RISARALDA,PEREIRA,2021-02-04,71.25,%
0026135501,EL PILAMO  - AUT,RISARALDA,PEREIRA,2021-02-04,75.51966034843205,%
0026125508,LACATALINA  - AUT,RISARALDA,PEREIRA,2021-02-05,76.09623409722222,%
0026125710,APTO MATECAÑA TX GPS/GOES,RISARALDA,PEREIRA,2021-02-05,77.33333333333333,%
0026135501,EL PILAMO  - AUT,RISARALDA,PEREIRA,2021-02-05,80.5480592013889,%
0026125508,LACATALINA  - AUT,RISARALDA,PEREIRA,2021-02-06,77.71236136125654,%
0026125710,APTO MATECAÑA TX GPS/GOES,RISARALDA,PEREIRA,2021-02-06,80.52631578947368,%
0026135501,EL PILAMO  - AUT,RISARALDA,PEREIRA,2021-02-06,84.49326284090908,%
0026125508,LACATALINA  - AUT,RISARALDA,PEREIRA,2021-02-07,71.73621475694445,%
0026125710,APTO MATECAÑA TX GPS/GOES,RISARALDA,PEREIRA,2021-02-07,69.14285714285714,%
0026135501,EL PILAMO  - AUT,RISARALDA,PEREIRA,2021-02-07,76.05481433212996,%
0026125508,LACATALINA  - AUT,RISARALDA,PEREIRA,2021-02-08,74.04779508547009,%
0026125710,APTO MATECAÑA TX GPS/GOES,RISARALDA,PEREIRA,2021-02-08,75.625,%
0026135501,EL PILAMO  - AUT,RISARALDA,PEREIRA,2021-02-08,75.68075346846847,%
0026125508,LACATALINA  - AUT,RISARALDA,PEREIRA,2021-02-09,79.31051245614036,%
0026125710,APTO MATECAÑA TX GPS/GOES,RISARALDA,PEREIRA,2021-02-09,80.28571428571429,%
0026135501,EL PILAMO  - AUT,RISARALDA,PEREIRA,2021-02-09,74.19031575581396,%
0026125508,LACATALINA  - AUT,RISARALDA,PEREIRA,2021-02-10,95.66188442307693,%
0026125710,APTO MATECAÑA TX GPS/GOES,RISARALDA,PEREIRA,2021-02-10,79.61904761904762,%
0026135501,EL PILAMO  - AUT,RISARALDA,PEREIRA,2021-02-10,74.95908655339807,%
0026125508,LACATALINA  - AUT,RISARALDA,PEREIRA,2021-02-11,61.670068951048954,%
0026125710,APTO MATECAÑA TX GPS/GOES,RISARALDA,PEREIRA,2021-02-11,71.89473684210526,%
0026135501,EL PILAMO  - AUT,RISARALDA,PEREIRA,2021-02-11,77.94054142361111,%
0026125508,LACATALINA  - AUT,RISARALDA,PEREIRA,2021-02-12,82.9134815270936,%
0026125710,APTO MATECAÑA TX GPS/GOES,RISARALDA,PEREIRA,2021-02-12,88.27272727272727,%
0026135501,EL PILAMO  - AUT,RISARALDA,PEREIRA,2021-02-12,88.64719421940929,%
0026125508,LACATALINA  - AUT,RISARALDA,PEREIRA,2021-02-13,76.60813242647059,%
0026125710,APTO MATECAÑA TX GPS/GOES,RISARALDA,PEREIRA,2021-02-13,79.65,%
0026135501,EL PILAMO  - AUT,RISARALDA,PEREIRA,2021-02-13,78.91602381355933,%
0026125508,LACATALINA  - AUT,RISARALDA,PEREIRA,2021-02-14,75.83438853846154,%
0026125710,APTO MATECAÑA TX GPS/GOES,RISARALDA,PEREIRA,2021-02-14,76.73333333333333,%
0026135501,EL PILAMO  - AUT,RISARALDA,PEREIRA,2021-02-14,80.60048593639576,%
0026125508,LACATALINA  - AUT,RISARALDA,PEREIRA,2021-02-15,82.2881859057971,%
0026125710,APTO MATECAÑA TX GPS/GOES,RISARALDA,PEREIRA,2021-02-15,82.76190476190477,%
0026135501,EL PILAMO  - AUT,RISARALDA,PEREIRA,2021-02-15,87.80373886363637,%
0026125508,LACATALINA  - AUT,RISARALDA,PEREIRA,2021-02-16,66.0357213592233,%
0026125710,APTO MATECAÑA TX GPS/GOES,RISARALDA,PEREIRA,2021-02-16,74.6842105263158,%
0026135501,EL PILAMO  - AUT,RISARALDA,PEREIRA,2021-02-16,75.63789003472222,%
0026125508,LACATALINA  - AUT,RISARALDA,PEREIRA,2021-02-17,75.15051725694445,%
0026125710,APTO MATECAÑA TX GPS/GOES,RISARALDA,PEREIRA,2021-02-17,76.14285714285714,%
0026135501,EL PILAMO  - AUT,RISARALDA,PEREIRA,2021-02-17,80.24669826855123,%
0026125508,LACATALINA  - AUT,RISARALDA,PEREIRA,2021-02-18,76.44813355029585,%
0026125710,APTO MATECAÑA TX GPS/GOES,RISARALDA,PEREIRA,2021-02-18,85.31818181818183,%
0026135501,EL PILAMO  - AUT,RISARALDA,PEREIRA,2021-02-18,87.04030104316547,%
0026125508,LACATALINA  - AUT,RISARALDA,PEREIRA,2021-02-19,77.65592870967743,%
0026125710,APTO MATECAÑA TX GPS/GOES,RISARALDA,PEREIRA,2021-02-19,86.71428571428571,%
0026135501,EL PILAMO  - AUT,RISARALDA,PEREIRA,2021-02-19,81.93902980769231,%
0026125508,LACATALINA  - AUT,RISARALDA,PEREIRA,2021-02-20,75.80691871287128,%
0026125710,APTO MATECAÑA TX GPS/GOES,RISARALDA,PEREIRA,2021-02-20,81.93333333333332,%
0026135501,EL PILAMO  - AUT,RISARALDA,PEREIRA,2021-02-20,82.4067621,%
0026125508,LACATALINA  - AUT,RISARALDA,PEREIRA,2021-02-21,82.0874203111111,%
0026125710,APTO MATECAÑA TX GPS/GOES,RISARALDA,PEREIRA,2021-02-21,86.1,%
0026135501,EL PILAMO  - AUT,RISARALDA,PEREIRA,2021-02-21,83.76455056680162,%
0026125508,LACATALINA  - AUT,RISARALDA,PEREIRA,2021-02-22,77.9484859139785,%
0026125710,APTO MATECAÑA TX GPS/GOES,RISARALDA,PEREIRA,2021-02-22,84.81818181818183,%
0026135501,EL PILAMO  - AUT,RISARALDA,PEREIRA,2021-02-22,80.04535218579235,%
0026125508,LACATALINA  - AUT,RISARALDA,PEREIRA,2021-02-23,73.07529241610737,%
0026125710,APTO MATECAÑA TX GPS/GOES,RISARALDA,PEREIRA,2021-02-23,77.73913043478261,%
0026135501,EL PILAMO  - AUT,RISARALDA,PEREIRA,2021-02-23,81.83016723404256,%
0026125508,LACATALINA  - AUT,RISARALDA,PEREIRA,2021-02-24,71.23891489208633,%
0026125710,APTO MATECAÑA TX GPS/GOES,RISARALDA,PEREIRA,2021-02-24,69.04761904761905,%
0026135501,EL PILAMO  - AUT,RISARALDA,PEREIRA,2021-02-24,75.89089093525179,%
0026125508,LACATALINA  - AUT,RISARALDA,PEREIRA,2021-02-25,81.06934420289855,%
0026125710,APTO MATECAÑA TX GPS/GOES,RISARALDA,PEREIRA,2021-02-25,77.72727272727272,%
0026135501,EL PILAMO  - AUT,RISARALDA,PEREIRA,2021-02-25,81.47735783216784,%
0026125508,LACATALINA  - AUT,RISARALDA,PEREIRA,2021-02-26,74.11988934343434,%
0026125710,APTO MATECAÑA TX GPS/GOES,RISARALDA,PEREIRA,2021-02-26,76.0,%
0026135501,EL PILAMO  - AUT,RISARALDA,PEREIRA,2021-02-26,78.42281597222222,%
0026125508,LACATALINA  - AUT,RISARALDA,PEREIRA,2021-02-27,77.01424,%
0026125710,APTO MATECAÑA TX GPS/GOES,RISARALDA,PEREIRA,2021-02-27,82.3529411764706,%
0026135501,EL PILAMO  - AUT,RISARALDA,PEREIRA,2021-02-27,73.2515148768473,%
0026125508,LACATALINA  - AUT,RISARALDA,PEREIRA,2021-02-28,82.37413130208333,%
0026125710,APTO MATECAÑA TX GPS/GOES,RISARALDA,PEREIRA,2021-02-28,87.3076923076923,%
0026135501,EL PILAMO  - AUT,RISARALDA,PEREIRA,2021-02-28,79.20073950819672,%
0026125508,LACATALINA  - AUT,RISARALDA,PEREIRA,2021-03-01,77.28283194915254,%
0026125710,APTO MATECAÑA TX GPS/GOES,RISARALDA,PEREIRA,2021-03-01,91.3888888888889,%
0026135501,EL PILAMO  - AUT,RISARALDA,PEREIRA,2021-03-01,85.3123109039548,%
0026125508,LACATALINA  - AUT,RISARALDA,PEREIRA,2021-03-02,70.49628517857143,%
0026125710,APTO MATECAÑA TX GPS/GOES,RISARALDA,PEREIRA,2021-03-02,87.78947368421053,%
0026135501,EL PILAMO  - AUT,RISARALDA,PEREIRA,2021-03-02,70.51136639705882,%
0026125508,LACATALINA  - AUT,RISARALDA,PEREIRA,2021-03-03,72.31259131979697,%
0026125710,APTO MATECAÑA TX GPS/GOES,RISARALDA,PEREIRA,2021-03-03,82.0909090909091,%
0026135501,EL PILAMO  - AUT,RISARALDA,PEREIRA,2021-03-03,69.71198314720812,%
0026125508,LACATALINA  - AUT,RISARALDA,PEREIRA,2021-03-04,76.34484100719423,%
0026125710,APTO MATECAÑA TX GPS/GOES,RISARALDA,PEREIRA,2021-03-04,79.6875,%
0026135501,EL PILAMO  - AUT,RISARALDA,PEREIRA,2021-03-04,77.66817,%
0026125508,LACATALINA  - AUT,RISARALDA,PEREIRA,2021-03-05,79.71578274305556,%
0026125710,APTO MATECAÑA TX GPS/GOES,RISARALDA,PEREIRA,2021-03-05,79.21052631578947,%
0026135501,EL PILAMO  - AUT,RISARALDA,PEREIRA,2021-03-05,79.05405309027778,%
0026125508,LACATALINA  - AUT,RISARALDA,PEREIRA,2021-03-06,68.1234459798995,%
0026125710,APTO MATECAÑA TX GPS/GOES,RISARALDA,PEREIRA,2021-03-06,81.73684210526315,%
0026135501,EL PILAMO  - AUT,RISARALDA,PEREIRA,2021-03-06,75.79788100418409,%
0026125508,LACATALINA  - AUT,RISARALDA,PEREIRA,2021-03-07,76.72545619318183,%
0026125710,APTO MATECAÑA TX GPS/GOES,RISARALDA,PEREIRA,2021-03-07,79.875,%
0026135501,EL PILAMO  - AUT,RISARALDA,PEREIRA,2021-03-07,78.89745381720431,%
0026125710,APTO MATECAÑA TX GPS/GOES,RISARALDA,PEREIRA,2021-03-08,90.0,%
0026125508,LACATALINA  - AUT,RISARALDA,PEREIRA,2021-03-09,69.1209831060606,%
0026125710,APTO MATECAÑA TX GPS/GOES,RISARALDA,PEREIRA,2021-03-09,73.66666666666667,%
0026135501,EL PILAMO  - AUT,RISARALDA,PEREIRA,2021-03-09,69.45291160305344,%
0026125508,LACATALINA  - AUT,RISARALDA,PEREIRA,2021-03-10,79.01967914893618,%
0026125710,APTO MATECAÑA TX GPS/GOES,RISARALDA,PEREIRA,2021-03-10,94.7,%
0026135501,EL PILAMO  - AUT,RISARALDA,PEREIRA,2021-03-10,89.8445971681416,%
0026125508,LACATALINA  - AUT,RISARALDA,PEREIRA,2021-03-11,80.0919661585366,%
0026125710,APTO MATECAÑA TX GPS/GOES,RISARALDA,PEREIRA,2021-03-11,86.84210526315789,%
0026135501,EL PILAMO  - AUT,RISARALDA,PEREIRA,2021-03-11,78.26806479166667,%
0026125508,LACATALINA  - AUT,RISARALDA,PEREIRA,2021-03-12,80.18234573333332,%
0026125710,APTO MATECAÑA TX GPS/GOES,RISARALDA,PEREIRA,2021-03-12,90.55555555555557,%
0026135501,EL PILAMO  - AUT,RISARALDA,PEREIRA,2021-03-12,89.10930698113208,%
0026125508,LACATALINA  - AUT,RISARALDA,PEREIRA,2021-03-13,80.39670106666667,%
0026125710,APTO MATECAÑA TX GPS/GOES,RISARALDA,PEREIRA,2021-03-13,80.72222222222223,%
0026135501,EL PILAMO  - AUT,RISARALDA,PEREIRA,2021-03-13,77.52696291666668,%
0026125508,LACATALINA  - AUT,RISARALDA,PEREIRA,2021-03-14,70.80079666666667,%
0026125710,APTO MATECAÑA TX GPS/GOES,RISARALDA,PEREIRA,2021-03-14,68.66666666666666,%
0026135501,EL PILAMO  - AUT,RISARALDA,PEREIRA,2021-03-14,63.79399316062176,%
0026125508,LACATALINA  - AUT,RISARALDA,PEREIRA,2021-03-15,82.38976127192983,%
0026125710,APTO MATECAÑA TX GPS/GOES,RISARALDA,PEREIRA,2021-03-15,81.29411764705881,%
0026135501,EL PILAMO  - AUT,RISARALDA,PEREIRA,2021-03-15,83.66151797101449,%
0026125508,LACATALINA  - AUT,RISARALDA,PEREIRA,2021-03-16,75.22794681081082,%
0026125710,APTO MATECAÑA TX GPS/GOES,RISARALDA,PEREIRA,2021-03-16,73.0,%
0026135501,EL PILAMO  - AUT,RISARALDA,PEREIRA,2021-03-16,82.63465545023696,%
0026125508,LACATALINA  - AUT,RISARALDA,PEREIRA,2021-03-17,82.50167986013986,%
0026125710,APTO MATECAÑA TX GPS/GOES,RISARALDA,PEREIRA,2021-03-17,81.69565217391305,%
0026135501,EL PILAMO  - AUT,RISARALDA,PEREIRA,2021-03-17,88.29816278571428,%
0026125508,LACATALINA  - AUT,RISARALDA,PEREIRA,2021-03-18,83.296118,%
0026125710,APTO MATECAÑA TX GPS/GOES,RISARALDA,PEREIRA,2021-03-18,88.17391304347825,%
0026135501,EL PILAMO  - AUT,RISARALDA,PEREIRA,2021-03-18,85.10714415300548,%
0026125508,LACATALINA  - AUT,RISARALDA,PEREIRA,2021-03-19,72.01166657407407,%
0026125710,APTO MATECAÑA TX GPS/GOES,RISARALDA,PEREIRA,2021-03-19,81.65,%
0026135501,EL PILAMO  - AUT,RISARALDA,PEREIRA,2021-03-19,76.12618627705628,%
0026125508,LACATALINA  - AUT,RISARALDA,PEREIRA,2021-03-20,84.4753184375,%
0026125710,APTO MATECAÑA TX GPS/GOES,RISARALDA,PEREIRA,2021-03-20,84.83333333333333,%
0026135501,EL PILAMO  - AUT,RISARALDA,PEREIRA,2021-03-20,87.3681175,%
0026125710,APTO MATECAÑA TX GPS/GOES,RISARALDA,PEREIRA,2021-03-21,72.75,%
0026125508,LACATALINA  - AUT,RISARALDA,PEREIRA,2021-03-22,88.44709483146067,%
0026125710,APTO MATECAÑA TX GPS/GOES,RISARALDA,PEREIRA,2021-03-22,91.5909090909091,%
0026135501,EL PILAMO  - AUT,RISARALDA,PEREIRA,2021-03-22,91.12697887640448,%
0026125508,LACATALINA  - AUT,RISARALDA,PEREIRA,2021-03-23,73.52255842553193,%
0026125710,APTO MATECAÑA TX GPS/GOES,RISARALDA,PEREIRA,2021-03-23,75.05263157894736,%
0026135501,EL PILAMO  - AUT,RISARALDA,PEREIRA,2021-03-23,70.20353564766839,%
0026125508,LACATALINA  - AUT,RISARALDA,PEREIRA,2021-03-24,80.4545107518797,%
0026125710,APTO MATECAÑA TX GPS/GOES,RISARALDA,PEREIRA,2021-03-24,88.3076923076923,%
0026135501,EL PILAMO  - AUT,RISARALDA,PEREIRA,2021-03-24,87.31705678787878,%
0026125508,LACATALINA  - AUT,RISARALDA,PEREIRA,2021-03-25,76.52838347490348,%
0026125710,APTO MATECAÑA TX GPS/GOES,RISARALDA,PEREIRA,2021-03-25,79.66666666666667,%
0026135501,EL PILAMO  - AUT,RISARALDA,PEREIRA,2021-03-25,79.17630759825327,%
0026125508,LACATALINA  - AUT,RISARALDA,PEREIRA,2021-03-26,79.24273243697479,%
0026125710,APTO MATECAÑA TX GPS/GOES,RISARALDA,PEREIRA,2021-03-26,78.61904761904762,%
0026135501,EL PILAMO  - AUT,RISARALDA,PEREIRA,2021-03-26,79.948584,%
0026125508,LACATALINA  - AUT,RISARALDA,PEREIRA,2021-03-27,76.86332055299539,%
0026125710,APTO MATECAÑA TX GPS/GOES,RISARALDA,PEREIRA,2021-03-27,84.3888888888889,%
0026135501,EL PILAMO  - AUT,RISARALDA,PEREIRA,2021-03-27,71.04411278947369,%
0026125508,LACATALINA  - AUT,RISARALDA,PEREIRA,2021-03-28,80.80484728448275,%
0026125710,APTO MATECAÑA TX GPS/GOES,RISARALDA,PEREIRA,2021-03-28,82.26666666666667,%
0026135501,EL PILAMO  - AUT,RISARALDA,PEREIRA,2021-03-28,83.23738128472222,%
0026125508,LACATALINA  - AUT,RISARALDA,PEREIRA,2021-03-29,81.51732154929577,%
0026125710,APTO MATECAÑA TX GPS/GOES,RISARALDA,PEREIRA,2021-03-29,78.94736842105263,%
0026135501,EL PILAMO  - AUT,RISARALDA,PEREIRA,2021-03-29,83.09221088607595,%
0026125508,LACATALINA  - AUT,RISARALDA,PEREIRA,2021-03-30,78.86130951965066,%
0026125710,APTO MATECAÑA TX GPS/GOES,RISARALDA,PEREIRA,2021-03-30,77.0,%
0026135501,EL PILAMO  - AUT,RISARALDA,PEREIRA,2021-03-30,85.13567369668246,%
0026125508,LACATALINA  - AUT,RISARALDA,PEREIRA,2021-03-31,73.60303364583332,%
0026125710,APTO MATECAÑA TX GPS/GOES,RISARALDA,PEREIRA,2021-03-31,74.42857142857143,%
0026135501,EL PILAMO  - AUT,RISARALDA,PEREIRA,2021-03-31,73.83343952173914,%
0026125508,LACATALINA  - AUT,RISARALDA,PEREIRA,2021-04-01,89.52287085308058,%
0026125710,APTO MATECAÑA TX GPS/GOES,RISARALDA,PEREIRA,2021-04-01,88.6470588235294,%
0026135501,EL PILAMO  - AUT,RISARALDA,PEREIRA,2021-04-01,91.38708358078603,%
0026125508,LACATALINA  - AUT,RISARALDA,PEREIRA,2021-04-02,74.46278338235294,%
0026125710,APTO MATECAÑA TX GPS/GOES,RISARALDA,PEREIRA,2021-04-02,78.5,%
0026135501,EL PILAMO  - AUT,RISARALDA,PEREIRA,2021-04-02,72.61802578059071,%
0026125508,LACATALINA  - AUT,RISARALDA,PEREIRA,2021-04-03,80.77961815789473,%
0026125710,APTO MATECAÑA TX GPS/GOES,RISARALDA,PEREIRA,2021-04-03,81.45,%
0026135501,EL PILAMO  - AUT,RISARALDA,PEREIRA,2021-04-03,83.85487114583333,%
0026125508,LACATALINA  - AUT,RISARALDA,PEREIRA,2021-04-04,78.6623370138889,%
0026125710,APTO MATECAÑA TX GPS/GOES,RISARALDA,PEREIRA,2021-04-04,77.8125,%
0026135501,EL PILAMO  - AUT,RISARALDA,PEREIRA,2021-04-04,80.79095649635036,%
0026125508,LACATALINA  - AUT,RISARALDA,PEREIRA,2021-04-05,82.57590828571429,%
0026125710,APTO MATECAÑA TX GPS/GOES,RISARALDA,PEREIRA,2021-04-05,85.6923076923077,%
0026135501,EL PILAMO  - AUT,RISARALDA,PEREIRA,2021-04-05,88.53267193236715,%
0026125508,LACATALINA  - AUT,RISARALDA,PEREIRA,2021-04-06,81.79918203319502,%
0026125710,APTO MATECAÑA TX GPS/GOES,RISARALDA,PEREIRA,2021-04-06,89.33333333333333,%
0026135501,EL PILAMO  - AUT,RISARALDA,PEREIRA,2021-04-06,85.73516188073395,%
0026125508,LACATALINA  - AUT,RISARALDA,PEREIRA,2021-04-07,81.39442385159012,%
0026125710,APTO MATECAÑA TX GPS/GOES,RISARALDA,PEREIRA,2021-04-07,80.78947368421053,%
0026135501,EL PILAMO  - AUT,RISARALDA,PEREIRA,2021-04-07,84.6636638028169,%
0026125508,LACATALINA  - AUT,RISARALDA,PEREIRA,2021-04-08,76.24251157635467,%
0026125710,APTO MATECAÑA TX GPS/GOES,RISARALDA,PEREIRA,2021-04-08,75.26315789473685,%
0026135501,EL PILAMO  - AUT,RISARALDA,PEREIRA,2021-04-08,73.90633827868852,%
0026125508,LACATALINA  - AUT,RISARALDA,PEREIRA,2021-04-09,93.5047574,%
0026125710,APTO MATECAÑA TX GPS/GOES,RISARALDA,PEREIRA,2021-04-09,90.2,%
0026135501,EL PILAMO  - AUT,RISARALDA,PEREIRA,2021-04-09,96.82575676470589,%
0026125508,LACATALINA  - AUT,RISARALDA,PEREIRA,2021-04-10,78.52090960227272,%
0026125710,APTO MATECAÑA TX GPS/GOES,RISARALDA,PEREIRA,2021-04-10,76.04761904761904,%
0026135501,EL PILAMO  - AUT,RISARALDA,PEREIRA,2021-04-10,62.13058195876289,%
0026125508,LACATALINA  - AUT,RISARALDA,PEREIRA,2021-04-11,70.280846,%
0026125710,APTO MATECAÑA TX GPS/GOES,RISARALDA,PEREIRA,2021-04-11,80.45833333333333,%
0026135501,EL PILAMO  - AUT,RISARALDA,PEREIRA,2021-04-11,73.09859306122449,%
0026125508,LACATALINA  - AUT,RISARALDA,PEREIRA,2021-04-12,86.51113797619048,%
0026125710,APTO MATECAÑA TX GPS/GOES,RISARALDA,PEREIRA,2021-04-12,85.08333333333333,%
0026135501,EL PILAMO  - AUT,RISARALDA,PEREIRA,2021-04-12,94.06350428571429,%
0026125508,LACATALINA  - AUT,RISARALDA,PEREIRA,2021-04-13,73.25298653846154,%
0026125710,APTO MATECAÑA TX GPS/GOES,RISARALDA,PEREIRA,2021-04-13,73.44444444444444,%
0026135501,EL PILAMO  - AUT,RISARALDA,PEREIRA,2021-04-13,67.76324113043478,%
0026125508,LACATALINA  - AUT,RISARALDA,PEREIRA,2021-04-14,80.86663503968255,%
0026125710,APTO MATECAÑA TX GPS/GOES,RISARALDA,PEREIRA,2021-04-14,79.4,%
0026135501,EL PILAMO  - AUT,RISARALDA,PEREIRA,2021-04-14,84.81550721014493,%
0026125508,LACATALINA  - AUT,RISARALDA,PEREIRA,2021-04-15,79.95069212871286,%
0026125710,APTO MATECAÑA TX GPS/GOES,RISARALDA,PEREIRA,2021-04-15,77.60869565217392,%
0026135501,EL PILAMO  - AUT,RISARALDA,PEREIRA,2021-04-15,81.74877053921568,%
0026125508,LACATALINA  - AUT,RISARALDA,PEREIRA,2021-04-16,75.50111223880597,%
0026125710,APTO MATECAÑA TX GPS/GOES,RISARALDA,PEREIRA,2021-04-16,84.54166666666667,%
0026135501,EL PILAMO  - AUT,RISARALDA,PEREIRA,2021-04-16,74.53554968992248,%
0026125508,LACATALINA  - AUT,RISARALDA,PEREIRA,2021-04-17,74.03651933333333,%
0026125710,APTO MATECAÑA TX GPS/GOES,RISARALDA,PEREIRA,2021-04-17,81.21428571428571,%
0026135501,EL PILAMO  - AUT,RISARALDA,PEREIRA,2021-04-17,82.55507347826087,%
0026125508,LACATALINA  - AUT,RISARALDA,PEREIRA,2021-04-18,81.28316833333332,%
0026125508,LACATALINA  - AUT,RISARALDA,PEREIRA,2021-04-19,75.95991871559633,%
0026125710,APTO MATECAÑA TX GPS/GOES,RISARALDA,PEREIRA,2021-04-19,63.0,%
0026125508,LACATALINA  - AUT,RISARALDA,PEREIRA,2021-04-20,78.6045629710145,%
0026125710,APTO MATECAÑA TX GPS/GOES,RISARALDA,PEREIRA,2021-04-20,81.5,%
0026135501,EL PILAMO  - AUT,RISARALDA,PEREIRA,2021-04-20,45.0243325,%
0026125508,LACATALINA  - AUT,RISARALDA,PEREIRA,2021-04-21,74.9367629906542,%
0026125710,APTO MATECAÑA TX GPS/GOES,RISARALDA,PEREIRA,2021-04-21,94.0,%
0026125508,LACATALINA  - AUT,RISARALDA,PEREIRA,2021-04-22,76.96107475609757,%
0026125508,LACATALINA  - AUT,RISARALDA,PEREIRA,2021-04-23,86.01187086956521,%
0026125710,APTO MATECAÑA TX GPS/GOES,RISARALDA,PEREIRA,2021-04-23,83.0,%
0026125508,LACATALINA  - AUT,RISARALDA,PEREIRA,2021-04-24,75.80924694214877,%
0026125508,LACATALINA  - AUT,RISARALDA,PEREIRA,2021-04-25,80.49793607929516,%
0026125508,LACATALINA  - AUT,RISARALDA,PEREIRA,2021-04-26,79.3074360130719,%
0026125508,LACATALINA  - AUT,RISARALDA,PEREIRA,2021-04-27,86.38324328125,%
0026135330,LA LAGUNA DEL OTUN  - AUT,RISARALDA,PEREIRA,2021-04-27,98.5,%
0026125508,LACATALINA  - AUT,RISARALDA,PEREIRA,2021-04-28,79.99012776223776,%
0026125710,APTO MATECAÑA TX GPS/GOES,RISARALDA,PEREIRA,2021-04-28,96.0,%
0026135501,EL PILAMO  - AUT,RISARALDA,PEREIRA,2021-04-28,74.85780166666667,%
0026125508,LACATALINA  - AUT,RISARALDA,PEREIRA,2021-04-29,67.83267127906977,%
0026125710,APTO MATECAÑA TX GPS/GOES,RISARALDA,PEREIRA,2021-04-29,61.0,%
0026135501,EL PILAMO  - AUT,RISARALDA,PEREIRA,2021-04-29,56.2743125,%
0026125508,LACATALINA  - AUT,RISARALDA,PEREIRA,2021-04-30,80.978676796875,%
0026135501,EL PILAMO  - AUT,RISARALDA,PEREIRA,2021-04-30,62.41901333333334,%
0026125508,LACATALINA  - AUT,RISARALDA,PEREIRA,2021-05-01,75.06075153153154,%
0026125508,LACATALINA  - AUT,RISARALDA,PEREIRA,2021-05-02,75.24221333333332,%
0026125508,LACATALINA  - AUT,RISARALDA,PEREIRA,2021-05-03,83.1767006122449,%
0026125508,LACATALINA  - AUT,RISARALDA,PEREIRA,2021-05-04,78.81634417085426,%
0026125508,LACATALINA  - AUT,RISARALDA,PEREIRA,2021-05-05,77.1079764375,%
0026125508,LACATALINA  - AUT,RISARALDA,PEREIRA,2021-05-06,64.46164688311688,%
0026125710,APTO MATECAÑA TX GPS/GOES,RISARALDA,PEREIRA,2021-05-06,66.0,%
0026125508,LACATALINA  - AUT,RISARALDA,PEREIRA,2021-05-07,74.12633375478929,%
0026125508,LACATALINA  - AUT,RISARALDA,PEREIRA,2021-05-08,75.15416178294572,%
0026125710,APTO MATECAÑA TX GPS/GOES,RISARALDA,PEREIRA,2021-05-08,74.0,%
0026125508,LACATALINA  - AUT,RISARALDA,PEREIRA,2021-05-09,73.6408776923077,%
0026125508,LACATALINA  - AUT,RISARALDA,PEREIRA,2021-05-10,79.28709463302752,%
0026125508,LACATALINA  - AUT,RISARALDA,PEREIRA,2021-05-11,80.81423978070175,%
0026135300,PNN QUIMBAYA - AUT,RISARALDA,PEREIRA,2021-05-11,88.20833333333333,%
0026125508,LACATALINA  - AUT,RISARALDA,PEREIRA,2021-05-12,76.84769602620088,%
0026125710,APTO MATECAÑA TX GPS/GOES,RISARALDA,PEREIRA,2021-05-12,86.0,%
0026135300,PNN QUIMBAYA - AUT,RISARALDA,PEREIRA,2021-05-12,85.47058823529412,%
0026135501,EL PILAMO  - AUT,RISARALDA,PEREIRA,2021-05-12,65.2893975,%
0026125508,LACATALINA  - AUT,RISARALDA,PEREIRA,2021-05-13,75.12772876712329,%
0026135300,PNN QUIMBAYA - AUT,RISARALDA,PEREIRA,2021-05-13,43.708333333333336,%
0026125508,LACATALINA  - AUT,RISARALDA,PEREIRA,2021-05-14,81.95777295620438,%
0026125710,APTO MATECAÑA TX GPS/GOES,RISARALDA,PEREIRA,2021-05-14,83.0,%
0026135300,PNN QUIMBAYA - AUT,RISARALDA,PEREIRA,2021-05-14,88.25,%
0026125508,LACATALINA  - AUT,RISARALDA,PEREIRA,2021-05-15,83.75534899193549,%
0026125710,APTO MATECAÑA TX GPS/GOES,RISARALDA,PEREIRA,2021-05-15,90.5,%
0026135300,PNN QUIMBAYA - AUT,RISARALDA,PEREIRA,2021-05-15,67.83333333333334,%
0026135501,EL PILAMO  - AUT,RISARALDA,PEREIRA,2021-05-15,90.46093392857142,%
0026125508,LACATALINA  - AUT,RISARALDA,PEREIRA,2021-05-16,78.40585981566821,%
0026125710,APTO MATECAÑA TX GPS/GOES,RISARALDA,PEREIRA,2021-05-16,83.29166666666667,%
0026135300,PNN QUIMBAYA - AUT,RISARALDA,PEREIRA,2021-05-16,12.083333333333332,%
0026135501,EL PILAMO  - AUT,RISARALDA,PEREIRA,2021-05-16,79.09706578059073,%
0026125508,LACATALINA  - AUT,RISARALDA,PEREIRA,2021-05-17,78.02606031007753,%
0026125710,APTO MATECAÑA TX GPS/GOES,RISARALDA,PEREIRA,2021-05-17,88.5,%
0026135300,PNN QUIMBAYA - AUT,RISARALDA,PEREIRA,2021-05-17,17.166666666666664,%
0026135501,EL PILAMO  - AUT,RISARALDA,PEREIRA,2021-05-17,82.56510635869564,%
0026125508,LACATALINA  - AUT,RISARALDA,PEREIRA,2021-05-18,77.82706746341464,%
0026125710,APTO MATECAÑA TX GPS/GOES,RISARALDA,PEREIRA,2021-05-18,89.375,%
0026135300,PNN QUIMBAYA - AUT,RISARALDA,PEREIRA,2021-05-18,60.875,%
0026135501,EL PILAMO  - AUT,RISARALDA,PEREIRA,2021-05-18,82.39697910994765,%
0026125508,LACATALINA  - AUT,RISARALDA,PEREIRA,2021-05-19,86.74483305084746,%
0026125710,APTO MATECAÑA TX GPS/GOES,RISARALDA,PEREIRA,2021-05-19,78.41666666666667,%
0026135300,PNN QUIMBAYA - AUT,RISARALDA,PEREIRA,2021-05-19,91.04166666666667,%
0026135501,EL PILAMO  - AUT,RISARALDA,PEREIRA,2021-05-19,82.53087666666667,%
0026125710,APTO MATECAÑA TX GPS/GOES,RISARALDA,PEREIRA,2021-05-20,76.04166666666667,%
0026135300,PNN QUIMBAYA - AUT,RISARALDA,PEREIRA,2021-05-20,65.16666666666666,%
0026125710,APTO MATECAÑA TX GPS/GOES,RISARALDA,PEREIRA,2021-05-21,77.16666666666667,%
0026135300,PNN QUIMBAYA - AUT,RISARALDA,PEREIRA,2021-05-21,16.0,%
0026125710,APTO MATECAÑA TX GPS/GOES,RISARALDA,PEREIRA,2021-05-22,80.54166666666667,%
0026135300,PNN QUIMBAYA - AUT,RISARALDA,PEREIRA,2021-05-22,14.958333333333332,%
0026125710,APTO MATECAÑA TX GPS/GOES,RISARALDA,PEREIRA,2021-05-23,83.66666666666667,%
0026135300,PNN QUIMBAYA - AUT,RISARALDA,PEREIRA,2021-05-23,52.666666666666664,%
0026125710,APTO MATECAÑA TX GPS/GOES,RISARALDA,PEREIRA,2021-05-24,80.65217391304347,%
0026135300,PNN QUIMBAYA - AUT,RISARALDA,PEREIRA,2021-05-24,14.625,%
0026125710,APTO MATECAÑA TX GPS/GOES,RISARALDA,PEREIRA,2021-05-25,79.82608695652175,%
0026135300,PNN QUIMBAYA - AUT,RISARALDA,PEREIRA,2021-05-25,12.916666666666666,%
0026125710,APTO MATECAÑA TX GPS/GOES,RISARALDA,PEREIRA,2021-05-26,83.18181818181817,%
0026135300,PNN QUIMBAYA - AUT,RISARALDA,PEREIRA,2021-05-26,14.958333333333332,%
0026125710,APTO MATECAÑA TX GPS/GOES,RISARALDA,PEREIRA,2021-05-27,86.41666666666667,%
0026135300,PNN QUIMBAYA - AUT,RISARALDA,PEREIRA,2021-05-27,14.958333333333332,%
0026125710,APTO MATECAÑA TX GPS/GOES,RISARALDA,PEREIRA,2021-05-28,88.125,%
0026135300,PNN QUIMBAYA - AUT,RISARALDA,PEREIRA,2021-05-28,15.625,%
0026125710,APTO MATECAÑA TX GPS/GOES,RISARALDA,PEREIRA,2021-05-29,86.91666666666667,%
0026135300,PNN QUIMBAYA - AUT,RISARALDA,PEREIRA,2021-05-29,16.625,%
0026125710,APTO MATECAÑA TX GPS/GOES,RISARALDA,PEREIRA,2021-05-30,84.45833333333333,%
0026135300,PNN QUIMBAYA - AUT,RISARALDA,PEREIRA,2021-05-30,34.375,%
0026125710,APTO MATECAÑA TX GPS/GOES,RISARALDA,PEREIRA,2021-05-31,84.375,%
0026135300,PNN QUIMBAYA - AUT,RISARALDA,PEREIRA,2021-05-31,22.0,%
0026125710,APTO MATECAÑA TX GPS/GOES,RISARALDA,PEREIRA,2021-06-01,82.54166666666667,%
0026135300,PNN QUIMBAYA - AUT,RISARALDA,PEREIRA,2021-06-01,29.75,%
0026125710,APTO MATECAÑA TX GPS/GOES,RISARALDA,PEREIRA,2021-06-02,77.625,%
0026135300,PNN QUIMBAYA - AUT,RISARALDA,PEREIRA,2021-06-02,33.95833333333333,%
0026125710,APTO MATECAÑA TX GPS/GOES,RISARALDA,PEREIRA,2021-06-03,76.65217391304347,%
0026135300,PNN QUIMBAYA - AUT,RISARALDA,PEREIRA,2021-06-03,15.5,%
0026125710,APTO MATECAÑA TX GPS/GOES,RISARALDA,PEREIRA,2021-06-04,88.125,%
0026135300,PNN QUIMBAYA - AUT,RISARALDA,PEREIRA,2021-06-04,16.0,%
0026125710,APTO MATECAÑA TX GPS/GOES,RISARALDA,PEREIRA,2021-06-05,81.95833333333333,%
0026135300,PNN QUIMBAYA - AUT,RISARALDA,PEREIRA,2021-06-05,15.583333333333332,%
0026125710,APTO MATECAÑA TX GPS/GOES,RISARALDA,PEREIRA,2021-06-06,87.33333333333333,%
0026135300,PNN QUIMBAYA - AUT,RISARALDA,PEREIRA,2021-06-06,16.208333333333332,%
0026125710,APTO MATECAÑA TX GPS/GOES,RISARALDA,PEREIRA,2021-06-07,92.41666666666667,%
0026135300,PNN QUIMBAYA - AUT,RISARALDA,PEREIRA,2021-06-07,17.166666666666664,%
0026125710,APTO MATECAÑA TX GPS/GOES,RISARALDA,PEREIRA,2021-06-08,91.81818181818181,%
0026135300,PNN QUIMBAYA - AUT,RISARALDA,PEREIRA,2021-06-08,24.041666666666664,%
0026125710,APTO MATECAÑA TX GPS/GOES,RISARALDA,PEREIRA,2021-06-09,88.7,%
0026135300,PNN QUIMBAYA - AUT,RISARALDA,PEREIRA,2021-06-09,54.375,%
0026125710,APTO MATECAÑA TX GPS/GOES,RISARALDA,PEREIRA,2021-06-10,85.91666666666667,%
0026135300,PNN QUIMBAYA - AUT,RISARALDA,PEREIRA,2021-06-10,90.20833333333333,%
0026125710,APTO MATECAÑA TX GPS/GOES,RISARALDA,PEREIRA,2021-06-11,81.29166666666667,%
0026135300,PNN QUIMBAYA - AUT,RISARALDA,PEREIRA,2021-06-11,86.33333333333333,%
0026125710,APTO MATECAÑA TX GPS/GOES,RISARALDA,PEREIRA,2021-06-12,73.75,%
0026135300,PNN QUIMBAYA - AUT,RISARALDA,PEREIRA,2021-06-12,70.20833333333334,%
0026125710,APTO MATECAÑA TX GPS/GOES,RISARALDA,PEREIRA,2021-06-13,87.79166666666667,%
0026135300,PNN QUIMBAYA - AUT,RISARALDA,PEREIRA,2021-06-13,34.791666666666664,%
0026125710,APTO MATECAÑA TX GPS/GOES,RISARALDA,PEREIRA,2021-06-14,86.08333333333333,%
0026135300,PNN QUIMBAYA - AUT,RISARALDA,PEREIRA,2021-06-14,66.08333333333334,%
0026125710,APTO MATECAÑA TX GPS/GOES,RISARALDA,PEREIRA,2021-06-15,89.29166666666667,%
0026135300,PNN QUIMBAYA - AUT,RISARALDA,PEREIRA,2021-06-15,91.25,%
0026125710,APTO MATECAÑA TX GPS/GOES,RISARALDA,PEREIRA,2021-06-16,78.75,%
0026135300,PNN QUIMBAYA - AUT,RISARALDA,PEREIRA,2021-06-16,75.29166666666667,%
0026125710,APTO MATECAÑA TX GPS/GOES,RISARALDA,PEREIRA,2021-06-17,73.625,%
0026135300,PNN QUIMBAYA - AUT,RISARALDA,PEREIRA,2021-06-17,20.541666666666664,%
0026125710,APTO MATECAÑA TX GPS/GOES,RISARALDA,PEREIRA,2021-06-18,79.29166666666667,%
0026135300,PNN QUIMBAYA - AUT,RISARALDA,PEREIRA,2021-06-18,18.375,%
0026125710,APTO MATECAÑA TX GPS/GOES,RISARALDA,PEREIRA,2021-06-19,78.66666666666667,%
0026135300,PNN QUIMBAYA - AUT,RISARALDA,PEREIRA,2021-06-19,11.833333333333332,%
0026125710,APTO MATECAÑA TX GPS/GOES,RISARALDA,PEREIRA,2021-06-20,83.20833333333333,%
0026135300,PNN QUIMBAYA - AUT,RISARALDA,PEREIRA,2021-06-20,18.75,%
0026125710,APTO MATECAÑA TX GPS/GOES,RISARALDA,PEREIRA,2021-06-21,79.45833333333333,%
0026135300,PNN QUIMBAYA - AUT,RISARALDA,PEREIRA,2021-06-21,19.583333333333332,%
0026125710,APTO MATECAÑA TX GPS/GOES,RISARALDA,PEREIRA,2021-06-22,81.20833333333333,%
0026135300,PNN QUIMBAYA - AUT,RISARALDA,PEREIRA,2021-06-22,10.541666666666666,%
0026125710,APTO MATECAÑA TX GPS/GOES,RISARALDA,PEREIRA,2021-06-23,79.79166666666667,%
0026135300,PNN QUIMBAYA - AUT,RISARALDA,PEREIRA,2021-06-23,19.75,%
0026125710,APTO MATECAÑA TX GPS/GOES,RISARALDA,PEREIRA,2021-06-24,84.875,%
0026135300,PNN QUIMBAYA - AUT,RISARALDA,PEREIRA,2021-06-24,17.916666666666664,%
0026125710,APTO MATECAÑA TX GPS/GOES,RISARALDA,PEREIRA,2021-06-25,80.41666666666667,%
0026135300,PNN QUIMBAYA - AUT,RISARALDA,PEREIRA,2021-06-25,13.416666666666666,%
0026125710,APTO MATECAÑA TX GPS/GOES,RISARALDA,PEREIRA,2021-06-26,82.16666666666667,%
0026135300,PNN QUIMBAYA - AUT,RISARALDA,PEREIRA,2021-06-26,14.791666666666666,%
0026125710,APTO MATECAÑA TX GPS/GOES,RISARALDA,PEREIRA,2021-06-27,83.125,%
0026135300,PNN QUIMBAYA - AUT,RISARALDA,PEREIRA,2021-06-27,14.5,%
0026125710,APTO MATECAÑA TX GPS/GOES,RISARALDA,PEREIRA,2021-06-28,73.17391304347825,%
0026135300,PNN QUIMBAYA - AUT,RISARALDA,PEREIRA,2021-06-28,13.958333333333332,%
0026125508,LACATALINA  - AUT,RISARALDA,PEREIRA,2021-06-29,72.38569881773398,%
0026125710,APTO MATECAÑA TX GPS/GOES,RISARALDA,PEREIRA,2021-06-29,75.04166666666667,%
0026135300,PNN QUIMBAYA - AUT,RISARALDA,PEREIRA,2021-06-29,14.041666666666666,%
0026135501,EL PILAMO  - AUT,RISARALDA,PEREIRA,2021-06-29,78.81349266331658,%
0026125508,LACATALINA  - AUT,RISARALDA,PEREIRA,2021-06-30,77.73350970588235,%
0026125710,APTO MATECAÑA TX GPS/GOES,RISARALDA,PEREIRA,2021-06-30,77.375,%
0026135300,PNN QUIMBAYA - AUT,RISARALDA,PEREIRA,2021-06-30,14.083333333333332,%
0026135501,EL PILAMO  - AUT,RISARALDA,PEREIRA,2021-06-30,84.16387415730338,%
0026125508,LACATALINA  - AUT,RISARALDA,PEREIRA,2021-07-01,74.46543967032966,%
0026125710,APTO MATECAÑA TX GPS/GOES,RISARALDA,PEREIRA,2021-07-01,81.08695652173914,%
0026135300,PNN QUIMBAYA - AUT,RISARALDA,PEREIRA,2021-07-01,16.0,%
0026135501,EL PILAMO  - AUT,RISARALDA,PEREIRA,2021-07-01,75.48500485294119,%
0026125508,LACATALINA  - AUT,RISARALDA,PEREIRA,2021-07-02,72.8712347983871,%
0026125710,APTO MATECAÑA TX GPS/GOES,RISARALDA,PEREIRA,2021-07-02,78.125,%
0026135300,PNN QUIMBAYA - AUT,RISARALDA,PEREIRA,2021-07-02,14.583333333333332,%
0026135501,EL PILAMO  - AUT,RISARALDA,PEREIRA,2021-07-02,69.3061957948718,%
0026125508,LACATALINA  - AUT,RISARALDA,PEREIRA,2021-07-03,79.29614298611111,%
0026125710,APTO MATECAÑA TX GPS/GOES,RISARALDA,PEREIRA,2021-07-03,79.0,%
0026135300,PNN QUIMBAYA - AUT,RISARALDA,PEREIRA,2021-07-03,15.291666666666666,%
0026135501,EL PILAMO  - AUT,RISARALDA,PEREIRA,2021-07-03,81.36011291666667,%
0026125508,LACATALINA  - AUT,RISARALDA,PEREIRA,2021-07-04,76.71923699275362,%
0026125710,APTO MATECAÑA TX GPS/GOES,RISARALDA,PEREIRA,2021-07-04,74.125,%
0026135300,PNN QUIMBAYA - AUT,RISARALDA,PEREIRA,2021-07-04,13.916666666666666,%
0026135501,EL PILAMO  - AUT,RISARALDA,PEREIRA,2021-07-04,78.86928278969957,%
0026125508,LACATALINA  - AUT,RISARALDA,PEREIRA,2021-07-05,72.87655180555555,%
0026125710,APTO MATECAÑA TX GPS/GOES,RISARALDA,PEREIRA,2021-07-05,73.95833333333333,%
0026135300,PNN QUIMBAYA - AUT,RISARALDA,PEREIRA,2021-07-05,12.5,%
0026135501,EL PILAMO  - AUT,RISARALDA,PEREIRA,2021-07-05,80.71749879003558,%
0026125508,LACATALINA  - AUT,RISARALDA,PEREIRA,2021-07-06,72.667134375,%
0026125710,APTO MATECAÑA TX GPS/GOES,RISARALDA,PEREIRA,2021-07-06,71.375,%
0026135300,PNN QUIMBAYA - AUT,RISARALDA,PEREIRA,2021-07-06,16.125,%
0026135501,EL PILAMO  - AUT,RISARALDA,PEREIRA,2021-07-06,73.098645,%
0026125508,LACATALINA  - AUT,RISARALDA,PEREIRA,2021-07-07,73.29250111111111,%
0026125710,APTO MATECAÑA TX GPS/GOES,RISARALDA,PEREIRA,2021-07-07,72.125,%
0026135300,PNN QUIMBAYA - AUT,RISARALDA,PEREIRA,2021-07-07,47.0,%
0026135501,EL PILAMO  - AUT,RISARALDA,PEREIRA,2021-07-07,77.41598570866142,%
0026125508,LACATALINA  - AUT,RISARALDA,PEREIRA,2021-07-08,75.022725,%
0026125710,APTO MATECAÑA TX GPS/GOES,RISARALDA,PEREIRA,2021-07-08,74.375,%
0026135300,PNN QUIMBAYA - AUT,RISARALDA,PEREIRA,2021-07-08,45.041666666666664,%
0026135501,EL PILAMO  - AUT,RISARALDA,PEREIRA,2021-07-08,80.71205174074073,%
0026125508,LACATALINA  - AUT,RISARALDA,PEREIRA,2021-07-09,80.46059450184502,%
0026125710,APTO MATECAÑA TX GPS/GOES,RISARALDA,PEREIRA,2021-07-09,80.79166666666667,%
0026135300,PNN QUIMBAYA - AUT,RISARALDA,PEREIRA,2021-07-09,39.875,%
0026135501,EL PILAMO  - AUT,RISARALDA,PEREIRA,2021-07-09,86.48340036231885,%
0026125508,LACATALINA  - AUT,RISARALDA,PEREIRA,2021-07-10,79.79597630541872,%
0026125710,APTO MATECAÑA TX GPS/GOES,RISARALDA,PEREIRA,2021-07-10,80.33333333333333,%
0026135300,PNN QUIMBAYA - AUT,RISARALDA,PEREIRA,2021-07-10,12.5,%
0026135501,EL PILAMO  - AUT,RISARALDA,PEREIRA,2021-07-10,75.98569060913705,%
0026125508,LACATALINA  - AUT,RISARALDA,PEREIRA,2021-07-11,77.03401470873786,%
0026125710,APTO MATECAÑA TX GPS/GOES,RISARALDA,PEREIRA,2021-07-11,85.41666666666667,%
0026135300,PNN QUIMBAYA - AUT,RISARALDA,PEREIRA,2021-07-11,13.25,%
0026135501,EL PILAMO  - AUT,RISARALDA,PEREIRA,2021-07-11,82.80374475336323,%
0026125508,LACATALINA  - AUT,RISARALDA,PEREIRA,2021-07-12,79.45107735191638,%
0026125710,APTO MATECAÑA TX GPS/GOES,RISARALDA,PEREIRA,2021-07-12,77.0,%
0026135300,PNN QUIMBAYA - AUT,RISARALDA,PEREIRA,2021-07-12,13.875,%
0026135501,EL PILAMO  - AUT,RISARALDA,PEREIRA,2021-07-12,77.98964871369294,%
0026125508,LACATALINA  - AUT,RISARALDA,PEREIRA,2021-07-13,78.8742307638889,%
0026125710,APTO MATECAÑA TX GPS/GOES,RISARALDA,PEREIRA,2021-07-13,74.33333333333333,%
0026135300,PNN QUIMBAYA - AUT,RISARALDA,PEREIRA,2021-07-13,13.208333333333332,%
0026135501,EL PILAMO  - AUT,RISARALDA,PEREIRA,2021-07-13,79.404985,%
0026125508,LACATALINA  - AUT,RISARALDA,PEREIRA,2021-07-14,74.44903270833333,%
0026125710,APTO MATECAÑA TX GPS/GOES,RISARALDA,PEREIRA,2021-07-14,76.54166666666667,%
0026135300,PNN QUIMBAYA - AUT,RISARALDA,PEREIRA,2021-07-14,12.416666666666666,%
0026135501,EL PILAMO  - AUT,RISARALDA,PEREIRA,2021-07-14,82.5401727309237,%
0026125508,LACATALINA  - AUT,RISARALDA,PEREIRA,2021-07-15,74.08960788194445,%
0026125710,APTO MATECAÑA TX GPS/GOES,RISARALDA,PEREIRA,2021-07-15,73.78260869565217,%
0026135300,PNN QUIMBAYA - AUT,RISARALDA,PEREIRA,2021-07-15,12.291666666666666,%
0026135501,EL PILAMO  - AUT,RISARALDA,PEREIRA,2021-07-15,81.64632048611111,%
0026125508,LACATALINA  - AUT,RISARALDA,PEREIRA,2021-07-16,76.11968074204947,%
0026125710,APTO MATECAÑA TX GPS/GOES,RISARALDA,PEREIRA,2021-07-16,77.41666666666667,%
0026135300,PNN QUIMBAYA - AUT,RISARALDA,PEREIRA,2021-07-16,12.333333333333332,%
0026135501,EL PILAMO  - AUT,RISARALDA,PEREIRA,2021-07-16,82.86101616541353,%
0026125508,LACATALINA  - AUT,RISARALDA,PEREIRA,2021-07-17,75.26028594262294,%
0026125710,APTO MATECAÑA TX GPS/GOES,RISARALDA,PEREIRA,2021-07-17,81.375,%
0026135300,PNN QUIMBAYA - AUT,RISARALDA,PEREIRA,2021-07-17,12.833333333333332,%
0026135501,EL PILAMO  - AUT,RISARALDA,PEREIRA,2021-07-17,80.24607776223776,%
0026125508,LACATALINA  - AUT,RISARALDA,PEREIRA,2021-07-18,80.05589246153846,%
0026125710,APTO MATECAÑA TX GPS/GOES,RISARALDA,PEREIRA,2021-07-18,86.91666666666667,%
0026135300,PNN QUIMBAYA - AUT,RISARALDA,PEREIRA,2021-07-18,14.291666666666666,%
0026135501,EL PILAMO  - AUT,RISARALDA,PEREIRA,2021-07-18,83.99819834146341,%
0026125508,LACATALINA  - AUT,RISARALDA,PEREIRA,2021-07-19,65.42688327526133,%
0026125710,APTO MATECAÑA TX GPS/GOES,RISARALDA,PEREIRA,2021-07-19,72.04166666666666,%
0026135300,PNN QUIMBAYA - AUT,RISARALDA,PEREIRA,2021-07-19,11.291666666666666,%
0026135501,EL PILAMO  - AUT,RISARALDA,PEREIRA,2021-07-19,70.13400958333334,%
0026125508,LACATALINA  - AUT,RISARALDA,PEREIRA,2021-07-20,65.62370170138888,%
0026125710,APTO MATECAÑA TX GPS/GOES,RISARALDA,PEREIRA,2021-07-20,66.75,%
0026135300,PNN QUIMBAYA - AUT,RISARALDA,PEREIRA,2021-07-20,7.416666666666667,%
0026135501,EL PILAMO  - AUT,RISARALDA,PEREIRA,2021-07-20,71.97457305882352,%
0026125508,LACATALINA  - AUT,RISARALDA,PEREIRA,2021-07-21,72.16463774305555,%
0026125710,APTO MATECAÑA TX GPS/GOES,RISARALDA,PEREIRA,2021-07-21,73.66666666666667,%
0026135300,PNN QUIMBAYA - AUT,RISARALDA,PEREIRA,2021-07-21,8.208333333333332,%
0026135501,EL PILAMO  - AUT,RISARALDA,PEREIRA,2021-07-21,81.38246169117646,%
0026125508,LACATALINA  - AUT,RISARALDA,PEREIRA,2021-07-22,70.00456354166667,%
0026125710,APTO MATECAÑA TX GPS/GOES,RISARALDA,PEREIRA,2021-07-22,73.95833333333333,%
0026135300,PNN QUIMBAYA - AUT,RISARALDA,PEREIRA,2021-07-22,8.75,%
0026135501,EL PILAMO  - AUT,RISARALDA,PEREIRA,2021-07-22,82.72705583333332,%
0026125508,LACATALINA  - AUT,RISARALDA,PEREIRA,2021-07-23,76.41516874074074,%
0026125710,APTO MATECAÑA TX GPS/GOES,RISARALDA,PEREIRA,2021-07-23,79.66666666666667,%
0026135300,PNN QUIMBAYA - AUT,RISARALDA,PEREIRA,2021-07-23,9.416666666666668,%
0026135501,EL PILAMO  - AUT,RISARALDA,PEREIRA,2021-07-23,82.83246122743681,%
0026125508,LACATALINA  - AUT,RISARALDA,PEREIRA,2021-07-24,82.71747842857143,%
0026125710,APTO MATECAÑA TX GPS/GOES,RISARALDA,PEREIRA,2021-07-24,91.04166666666667,%
0026135300,PNN QUIMBAYA - AUT,RISARALDA,PEREIRA,2021-07-24,13.25,%
0026135501,EL PILAMO  - AUT,RISARALDA,PEREIRA,2021-07-24,85.28656112426034,%
0026125508,LACATALINA  - AUT,RISARALDA,PEREIRA,2021-07-25,79.13811491525423,%
0026125710,APTO MATECAÑA TX GPS/GOES,RISARALDA,PEREIRA,2021-07-25,94.54166666666667,%
0026135300,PNN QUIMBAYA - AUT,RISARALDA,PEREIRA,2021-07-25,15.25,%
0026135501,EL PILAMO  - AUT,RISARALDA,PEREIRA,2021-07-25,84.997117,%
0026125508,LACATALINA  - AUT,RISARALDA,PEREIRA,2021-07-26,74.08598156976744,%
0026125710,APTO MATECAÑA TX GPS/GOES,RISARALDA,PEREIRA,2021-07-26,86.04166666666667,%
0026135300,PNN QUIMBAYA - AUT,RISARALDA,PEREIRA,2021-07-26,13.541666666666666,%
0026135501,EL PILAMO  - AUT,RISARALDA,PEREIRA,2021-07-26,73.7655934502924,%
0026125508,LACATALINA  - AUT,RISARALDA,PEREIRA,2021-07-27,81.33591675,%
0026125710,APTO MATECAÑA TX GPS/GOES,RISARALDA,PEREIRA,2021-07-27,89.625,%
0026135300,PNN QUIMBAYA - AUT,RISARALDA,PEREIRA,2021-07-27,15.791666666666666,%
0026135501,EL PILAMO  - AUT,RISARALDA,PEREIRA,2021-07-27,85.26669709302325,%
0026125508,LACATALINA  - AUT,RISARALDA,PEREIRA,2021-07-28,78.92004573476703,%
0026125710,APTO MATECAÑA TX GPS/GOES,RISARALDA,PEREIRA,2021-07-28,80.5,%
0026135300,PNN QUIMBAYA - AUT,RISARALDA,PEREIRA,2021-07-28,13.958333333333332,%
0026135501,EL PILAMO  - AUT,RISARALDA,PEREIRA,2021-07-28,79.32904283505155,%
0026125508,LACATALINA  - AUT,RISARALDA,PEREIRA,2021-07-29,77.86294067729084,%
0026125710,APTO MATECAÑA TX GPS/GOES,RISARALDA,PEREIRA,2021-07-29,77.21739130434783,%
0026135300,PNN QUIMBAYA - AUT,RISARALDA,PEREIRA,2021-07-29,16.041666666666664,%
0026135501,EL PILAMO  - AUT,RISARALDA,PEREIRA,2021-07-29,82.78972888111888,%
0026125508,LACATALINA  - AUT,RISARALDA,PEREIRA,2021-07-30,71.4917837037037,%
0026125710,APTO MATECAÑA TX GPS/GOES,RISARALDA,PEREIRA,2021-07-30,75.20833333333333,%
0026135300,PNN QUIMBAYA - AUT,RISARALDA,PEREIRA,2021-07-30,14.458333333333332,%
0026135501,EL PILAMO  - AUT,RISARALDA,PEREIRA,2021-07-30,72.90944618421052,%
0026125508,LACATALINA  - AUT,RISARALDA,PEREIRA,2021-07-31,70.9785920486111,%
0026125710,APTO MATECAÑA TX GPS/GOES,RISARALDA,PEREIRA,2021-07-31,73.29166666666667,%
0026135300,PNN QUIMBAYA - AUT,RISARALDA,PEREIRA,2021-07-31,12.916666666666666,%
0026135501,EL PILAMO  - AUT,RISARALDA,PEREIRA,2021-07-31,79.4892917013889,%
0026125508,LACATALINA  - AUT,RISARALDA,PEREIRA,2021-08-01,75.88095466898955,%
0026125710,APTO MATECAÑA TX GPS/GOES,RISARALDA,PEREIRA,2021-08-01,76.70833333333333,%
0026135300,PNN QUIMBAYA - AUT,RISARALDA,PEREIRA,2021-08-01,13.041666666666666,%
0026135501,EL PILAMO  - AUT,RISARALDA,PEREIRA,2021-08-01,82.5785896875,%
0026125508,LACATALINA  - AUT,RISARALDA,PEREIRA,2021-08-02,68.93514284722222,%
0026125710,APTO MATECAÑA TX GPS/GOES,RISARALDA,PEREIRA,2021-08-02,75.125,%
0026135300,PNN QUIMBAYA - AUT,RISARALDA,PEREIRA,2021-08-02,8.625,%
0026135501,EL PILAMO  - AUT,RISARALDA,PEREIRA,2021-08-02,85.64049630522088,%
0026125508,LACATALINA  - AUT,RISARALDA,PEREIRA,2021-08-03,68.31146753472223,%
0026125710,APTO MATECAÑA TX GPS/GOES,RISARALDA,PEREIRA,2021-08-03,69.70833333333334,%
0026135300,PNN QUIMBAYA - AUT,RISARALDA,PEREIRA,2021-08-03,6.304347826086957,%
0026135501,EL PILAMO  - AUT,RISARALDA,PEREIRA,2021-08-03,78.70048028,%
0026125508,LACATALINA  - AUT,RISARALDA,PEREIRA,2021-08-04,55.13454045138889,%
0026125710,APTO MATECAÑA TX GPS/GOES,RISARALDA,PEREIRA,2021-08-04,62.625,%
0026135300,PNN QUIMBAYA - AUT,RISARALDA,PEREIRA,2021-08-04,2.916666666666667,%
0026135501,EL PILAMO  - AUT,RISARALDA,PEREIRA,2021-08-04,76.86466363636363,%
0026125508,LACATALINA  - AUT,RISARALDA,PEREIRA,2021-08-05,62.149790902777774,%
0026125710,APTO MATECAÑA TX GPS/GOES,RISARALDA,PEREIRA,2021-08-05,67.125,%
0026135300,PNN QUIMBAYA - AUT,RISARALDA,PEREIRA,2021-08-05,2.125,%
0026135501,EL PILAMO  - AUT,RISARALDA,PEREIRA,2021-08-05,75.84374563909775,%
0026125508,LACATALINA  - AUT,RISARALDA,PEREIRA,2021-08-06,71.08381520833333,%
0026125710,APTO MATECAÑA TX GPS/GOES,RISARALDA,PEREIRA,2021-08-06,70.41666666666666,%
0026135300,PNN QUIMBAYA - AUT,RISARALDA,PEREIRA,2021-08-06,3.0,%
0026135501,EL PILAMO  - AUT,RISARALDA,PEREIRA,2021-08-06,81.90887501872659,%
0026125508,LACATALINA  - AUT,RISARALDA,PEREIRA,2021-08-07,73.6046504710145,%
0026125710,APTO MATECAÑA TX GPS/GOES,RISARALDA,PEREIRA,2021-08-07,73.125,%
0026135300,PNN QUIMBAYA - AUT,RISARALDA,PEREIRA,2021-08-07,3.25,%
0026135501,EL PILAMO  - AUT,RISARALDA,PEREIRA,2021-08-07,75.32023913043479,%
0026125508,LACATALINA  - AUT,RISARALDA,PEREIRA,2021-08-08,75.03514695454545,%
0026125710,APTO MATECAÑA TX GPS/GOES,RISARALDA,PEREIRA,2021-08-08,82.83333333333333,%
0026135300,PNN QUIMBAYA - AUT,RISARALDA,PEREIRA,2021-08-08,4.708333333333334,%
0026135501,EL PILAMO  - AUT,RISARALDA,PEREIRA,2021-08-08,77.99602975510204,%
0026125508,LACATALINA  - AUT,RISARALDA,PEREIRA,2021-08-10,74.6553827480916,%
0026125710,APTO MATECAÑA TX GPS/GOES,RISARALDA,PEREIRA,2021-08-10,78.625,%
0026135300,PNN QUIMBAYA - AUT,RISARALDA,PEREIRA,2021-08-10,10.541666666666666,%
0026135501,EL PILAMO  - AUT,RISARALDA,PEREIRA,2021-08-10,83.66748774305555,%
0026125508,LACATALINA  - AUT,RISARALDA,PEREIRA,2021-08-11,75.1140779513889,%
0026125710,APTO MATECAÑA TX GPS/GOES,RISARALDA,PEREIRA,2021-08-11,80.0,%
0026135300,PNN QUIMBAYA - AUT,RISARALDA,PEREIRA,2021-08-11,11.958333333333332,%
0026135501,EL PILAMO  - AUT,RISARALDA,PEREIRA,2021-08-11,83.7507723611111,%
0026125508,LACATALINA  - AUT,RISARALDA,PEREIRA,2021-08-12,70.23709175,%
0026125710,APTO MATECAÑA TX GPS/GOES,RISARALDA,PEREIRA,2021-08-12,83.58333333333333,%
0026135300,PNN QUIMBAYA - AUT,RISARALDA,PEREIRA,2021-08-12,11.458333333333332,%
0026135501,EL PILAMO  - AUT,RISARALDA,PEREIRA,2021-08-12,76.10408627272726,%
0026125508,LACATALINA  - AUT,RISARALDA,PEREIRA,2021-08-13,75.52109811594204,%
0026125710,APTO MATECAÑA TX GPS/GOES,RISARALDA,PEREIRA,2021-08-13,84.70833333333333,%
0026135300,PNN QUIMBAYA - AUT,RISARALDA,PEREIRA,2021-08-13,13.833333333333332,%
0026135501,EL PILAMO  - AUT,RISARALDA,PEREIRA,2021-08-13,79.40749079787234,%
0026125508,LACATALINA  - AUT,RISARALDA,PEREIRA,2021-08-14,87.33639288461539,%
0026125710,APTO MATECAÑA TX GPS/GOES,RISARALDA,PEREIRA,2021-08-14,90.65217391304348,%
0026135300,PNN QUIMBAYA - AUT,RISARALDA,PEREIRA,2021-08-14,14.0,%
0026135501,EL PILAMO  - AUT,RISARALDA,PEREIRA,2021-08-14,85.63451784810127,%
0026125508,LACATALINA  - AUT,RISARALDA,PEREIRA,2021-08-15,76.39672063157894,%
0026125710,APTO MATECAÑA TX GPS/GOES,RISARALDA,PEREIRA,2021-08-15,85.58333333333333,%
0026135300,PNN QUIMBAYA - AUT,RISARALDA,PEREIRA,2021-08-15,13.791666666666666,%
0026135501,EL PILAMO  - AUT,RISARALDA,PEREIRA,2021-08-15,78.80793115183246,%
0026125710,APTO MATECAÑA TX GPS/GOES,RISARALDA,PEREIRA,2021-08-16,86.20833333333333,%
0026135501,EL PILAMO  - AUT,RISARALDA,PEREIRA,2021-08-16,92.40479471042472,%
0026125508,LACATALINA  - AUT,RISARALDA,PEREIRA,2021-08-17,76.31910812227073,%
0026125710,APTO MATECAÑA TX GPS/GOES,RISARALDA,PEREIRA,2021-08-17,83.5,%
0026135300,PNN QUIMBAYA - AUT,RISARALDA,PEREIRA,2021-08-17,15.75,%
0026135501,EL PILAMO  - AUT,RISARALDA,PEREIRA,2021-08-17,74.93892242105262,%
0026125508,LACATALINA  - AUT,RISARALDA,PEREIRA,2021-08-18,79.87974956678701,%
0026125710,APTO MATECAÑA TX GPS/GOES,RISARALDA,PEREIRA,2021-08-18,82.08333333333333,%
0026135501,EL PILAMO  - AUT,RISARALDA,PEREIRA,2021-08-18,84.88254868055556,%
0026125508,LACATALINA  - AUT,RISARALDA,PEREIRA,2021-08-19,84.24014898305084,%
0026125710,APTO MATECAÑA TX GPS/GOES,RISARALDA,PEREIRA,2021-08-19,88.08333333333333,%
0026135300,PNN QUIMBAYA - AUT,RISARALDA,PEREIRA,2021-08-19,18.166666666666664,%
0026135501,EL PILAMO  - AUT,RISARALDA,PEREIRA,2021-08-19,87.31811648437501,%
0026125508,LACATALINA  - AUT,RISARALDA,PEREIRA,2021-08-20,73.8115832460733,%
0026125710,APTO MATECAÑA TX GPS/GOES,RISARALDA,PEREIRA,2021-08-20,83.875,%
0026135300,PNN QUIMBAYA - AUT,RISARALDA,PEREIRA,2021-08-20,17.666666666666664,%
0026135501,EL PILAMO  - AUT,RISARALDA,PEREIRA,2021-08-20,77.18286595454546,%
0026125508,LACATALINA  - AUT,RISARALDA,PEREIRA,2021-08-21,75.35448195348837,%
0026125710,APTO MATECAÑA TX GPS/GOES,RISARALDA,PEREIRA,2021-08-21,80.78260869565217,%
0026135300,PNN QUIMBAYA - AUT,RISARALDA,PEREIRA,2021-08-21,16.791666666666664,%
0026135501,EL PILAMO  - AUT,RISARALDA,PEREIRA,2021-08-21,75.87444948717949,%
0026125508,LACATALINA  - AUT,RISARALDA,PEREIRA,2021-08-22,74.1288164310954,%
0026125710,APTO MATECAÑA TX GPS/GOES,RISARALDA,PEREIRA,2021-08-22,73.125,%
0026135300,PNN QUIMBAYA - AUT,RISARALDA,PEREIRA,2021-08-22,16.875,%
0026135501,EL PILAMO  - AUT,RISARALDA,PEREIRA,2021-08-22,76.27133275423728,%
0026125508,LACATALINA  - AUT,RISARALDA,PEREIRA,2021-08-23,79.54498919354839,%
0026125710,APTO MATECAÑA TX GPS/GOES,RISARALDA,PEREIRA,2021-08-23,79.27272727272727,%
0026135300,PNN QUIMBAYA - AUT,RISARALDA,PEREIRA,2021-08-23,16.454545454545453,%
0026135501,EL PILAMO  - AUT,RISARALDA,PEREIRA,2021-08-23,84.12388101449275,%
0026125508,LACATALINA  - AUT,RISARALDA,PEREIRA,2021-08-24,78.36316075,%
0026125710,APTO MATECAÑA TX GPS/GOES,RISARALDA,PEREIRA,2021-08-24,82.23529411764706,%
0026135300,PNN QUIMBAYA - AUT,RISARALDA,PEREIRA,2021-08-24,17.176470588235293,%
0026135501,EL PILAMO  - AUT,RISARALDA,PEREIRA,2021-08-24,76.19276285714287,%
0026125508,LACATALINA  - AUT,RISARALDA,PEREIRA,2021-08-25,78.57554233333333,%
0026125710,APTO MATECAÑA TX GPS/GOES,RISARALDA,PEREIRA,2021-08-25,90.91666666666667,%
0026135300,PNN QUIMBAYA - AUT,RISARALDA,PEREIRA,2021-08-25,13.916666666666666,%
0026135501,EL PILAMO  - AUT,RISARALDA,PEREIRA,2021-08-25,86.39474251231526,%
0026125508,LACATALINA  - AUT,RISARALDA,PEREIRA,2021-08-26,72.30351510989011,%
0026125710,APTO MATECAÑA TX GPS/GOES,RISARALDA,PEREIRA,2021-08-26,85.91304347826086,%
0026135300,PNN QUIMBAYA - AUT,RISARALDA,PEREIRA,2021-08-26,12.625,%
0026135501,EL PILAMO  - AUT,RISARALDA,PEREIRA,2021-08-26,80.12956918918918,%
0026125508,LACATALINA  - AUT,RISARALDA,PEREIRA,2021-08-27,63.830638440366975,%
0026125710,APTO MATECAÑA TX GPS/GOES,RISARALDA,PEREIRA,2021-08-27,81.29166666666667,%
0026135300,PNN QUIMBAYA - AUT,RISARALDA,PEREIRA,2021-08-27,17.583333333333332,%
0026135501,EL PILAMO  - AUT,RISARALDA,PEREIRA,2021-08-27,81.0184668382353,%
0026125508,LACATALINA  - AUT,RISARALDA,PEREIRA,2021-08-28,73.22155004587155,%
0026125710,APTO MATECAÑA TX GPS/GOES,RISARALDA,PEREIRA,2021-08-28,82.54166666666667,%
0026135300,PNN QUIMBAYA - AUT,RISARALDA,PEREIRA,2021-08-28,18.0,%
0026135501,EL PILAMO  - AUT,RISARALDA,PEREIRA,2021-08-28,77.51244336363636,%
0026125508,LACATALINA  - AUT,RISARALDA,PEREIRA,2021-08-29,80.97669994318183,%
0026125710,APTO MATECAÑA TX GPS/GOES,RISARALDA,PEREIRA,2021-08-29,84.83333333333333,%
0026135300,PNN QUIMBAYA - AUT,RISARALDA,PEREIRA,2021-08-29,18.541666666666664,%
0026135501,EL PILAMO  - AUT,RISARALDA,PEREIRA,2021-08-29,89.50551949579832,%
0026125508,LACATALINA  - AUT,RISARALDA,PEREIRA,2021-08-30,75.4715511,%
0026125710,APTO MATECAÑA TX GPS/GOES,RISARALDA,PEREIRA,2021-08-30,89.25,%
0026135300,PNN QUIMBAYA - AUT,RISARALDA,PEREIRA,2021-08-30,15.625,%
0026135501,EL PILAMO  - AUT,RISARALDA,PEREIRA,2021-08-30,79.02358987012987,%
0026125710,APTO MATECAÑA TX GPS/GOES,RISARALDA,PEREIRA,2021-08-31,83.125,%
0026135300,PNN QUIMBAYA - AUT,RISARALDA,PEREIRA,2021-08-31,15.125,%
0026125508,LACATALINA  - AUT,RISARALDA,PEREIRA,2021-09-01,77.10992892361111,%
0026125710,APTO MATECAÑA TX GPS/GOES,RISARALDA,PEREIRA,2021-09-01,79.58333333333333,%
0026135300,PNN QUIMBAYA - AUT,RISARALDA,PEREIRA,2021-09-01,17.0,%
0026135501,EL PILAMO  - AUT,RISARALDA,PEREIRA,2021-09-01,90.32698738095239,%
0026125508,LACATALINA  - AUT,RISARALDA,PEREIRA,2021-09-02,74.24875341463414,%
0026125710,APTO MATECAÑA TX GPS/GOES,RISARALDA,PEREIRA,2021-09-02,69.5,%
0026135300,PNN QUIMBAYA - AUT,RISARALDA,PEREIRA,2021-09-02,15.083333333333332,%
0026135501,EL PILAMO  - AUT,RISARALDA,PEREIRA,2021-09-02,78.8340405625,%
0026125508,LACATALINA  - AUT,RISARALDA,PEREIRA,2021-09-03,71.90120689655173,%
0026125710,APTO MATECAÑA TX GPS/GOES,RISARALDA,PEREIRA,2021-09-03,74.33333333333333,%
0026135300,PNN QUIMBAYA - AUT,RISARALDA,PEREIRA,2021-09-03,16.0,%
0026135501,EL PILAMO  - AUT,RISARALDA,PEREIRA,2021-09-03,78.71566941176471,%
0026125508,LACATALINA  - AUT,RISARALDA,PEREIRA,2021-09-04,75.79945215613382,%
0026125710,APTO MATECAÑA TX GPS/GOES,RISARALDA,PEREIRA,2021-09-04,79.04166666666667,%
0026135300,PNN QUIMBAYA - AUT,RISARALDA,PEREIRA,2021-09-04,17.875,%
0026135501,EL PILAMO  - AUT,RISARALDA,PEREIRA,2021-09-04,78.36223989583333,%
0026125508,LACATALINA  - AUT,RISARALDA,PEREIRA,2021-09-05,76.4910076173285,%
0026125710,APTO MATECAÑA TX GPS/GOES,RISARALDA,PEREIRA,2021-09-05,76.33333333333333,%
0026135300,PNN QUIMBAYA - AUT,RISARALDA,PEREIRA,2021-09-05,14.625,%
0026135501,EL PILAMO  - AUT,RISARALDA,PEREIRA,2021-09-05,76.51319856115107,%
0026125508,LACATALINA  - AUT,RISARALDA,PEREIRA,2021-09-06,74.21333035211268,%
0026125710,APTO MATECAÑA TX GPS/GOES,RISARALDA,PEREIRA,2021-09-06,84.33333333333333,%
0026135300,PNN QUIMBAYA - AUT,RISARALDA,PEREIRA,2021-09-06,18.083333333333332,%
0026135501,EL PILAMO  - AUT,RISARALDA,PEREIRA,2021-09-06,76.0939732638889,%
0026125508,LACATALINA  - AUT,RISARALDA,PEREIRA,2021-09-07,80.71816967153285,%
0026125710,APTO MATECAÑA TX GPS/GOES,RISARALDA,PEREIRA,2021-09-07,83.70833333333333,%
0026135300,PNN QUIMBAYA - AUT,RISARALDA,PEREIRA,2021-09-07,18.833333333333332,%
0026135501,EL PILAMO  - AUT,RISARALDA,PEREIRA,2021-09-07,83.40952387850467,%
0026125508,LACATALINA  - AUT,RISARALDA,PEREIRA,2021-09-08,86.69322893536122,%
0026125710,APTO MATECAÑA TX GPS/GOES,RISARALDA,PEREIRA,2021-09-08,85.04166666666667,%
0026135300,PNN QUIMBAYA - AUT,RISARALDA,PEREIRA,2021-09-08,18.5,%
0026135501,EL PILAMO  - AUT,RISARALDA,PEREIRA,2021-09-08,89.68944070671378,%
0026125508,LACATALINA  - AUT,RISARALDA,PEREIRA,2021-09-09,72.50694444444444,%
0026125710,APTO MATECAÑA TX GPS/GOES,RISARALDA,PEREIRA,2021-09-09,75.41666666666667,%
0026135300,PNN QUIMBAYA - AUT,RISARALDA,PEREIRA,2021-09-09,16.25,%
0026135501,EL PILAMO  - AUT,RISARALDA,PEREIRA,2021-09-09,73.03108429223744,%
0026125508,LACATALINA  - AUT,RISARALDA,PEREIRA,2021-09-10,78.59031899305555,%
0026125710,APTO MATECAÑA TX GPS/GOES,RISARALDA,PEREIRA,2021-09-10,78.75,%
0026135300,PNN QUIMBAYA - AUT,RISARALDA,PEREIRA,2021-09-10,18.791666666666664,%
0026135501,EL PILAMO  - AUT,RISARALDA,PEREIRA,2021-09-10,82.69040585964912,%
0026125508,LACATALINA  - AUT,RISARALDA,PEREIRA,2021-09-11,77.88444898230088,%
0026125710,APTO MATECAÑA TX GPS/GOES,RISARALDA,PEREIRA,2021-09-11,86.08333333333333,%
0026135300,PNN QUIMBAYA - AUT,RISARALDA,PEREIRA,2021-09-11,19.791666666666664,%
0026135501,EL PILAMO  - AUT,RISARALDA,PEREIRA,2021-09-11,88.1117720652174,%
0026125508,LACATALINA  - AUT,RISARALDA,PEREIRA,2021-09-12,83.09588863157894,%
0026125710,APTO MATECAÑA TX GPS/GOES,RISARALDA,PEREIRA,2021-09-12,87.375,%
0026135300,PNN QUIMBAYA - AUT,RISARALDA,PEREIRA,2021-09-12,19.708333333333332,%
0026135501,EL PILAMO  - AUT,RISARALDA,PEREIRA,2021-09-12,87.16534261083744,%
0026125508,LACATALINA  - AUT,RISARALDA,PEREIRA,2021-09-13,72.99077203636364,%
0026125710,APTO MATECAÑA TX GPS/GOES,RISARALDA,PEREIRA,2021-09-13,74.54166666666667,%
0026135300,PNN QUIMBAYA - AUT,RISARALDA,PEREIRA,2021-09-13,15.791666666666666,%
0026135501,EL PILAMO  - AUT,RISARALDA,PEREIRA,2021-09-13,69.8110481642512,%
0026125508,LACATALINA  - AUT,RISARALDA,PEREIRA,2021-09-14,74.12459604166668,%
0026125710,APTO MATECAÑA TX GPS/GOES,RISARALDA,PEREIRA,2021-09-14,80.25,%
0026135300,PNN QUIMBAYA - AUT,RISARALDA,PEREIRA,2021-09-14,16.583333333333332,%
0026135501,EL PILAMO  - AUT,RISARALDA,PEREIRA,2021-09-14,79.34160739583332,%
0026125508,LACATALINA  - AUT,RISARALDA,PEREIRA,2021-09-15,85.40592978102191,%
0026125710,APTO MATECAÑA TX GPS/GOES,RISARALDA,PEREIRA,2021-09-15,77.5,%
0026135300,PNN QUIMBAYA - AUT,RISARALDA,PEREIRA,2021-09-15,15.666666666666666,%
0026135501,EL PILAMO  - AUT,RISARALDA,PEREIRA,2021-09-15,87.40354847619048,%
0026125508,LACATALINA  - AUT,RISARALDA,PEREIRA,2021-09-16,76.99877155,%
0026125710,APTO MATECAÑA TX GPS/GOES,RISARALDA,PEREIRA,2021-09-16,71.54166666666666,%
0026135300,PNN QUIMBAYA - AUT,RISARALDA,PEREIRA,2021-09-16,14.5,%
0026135501,EL PILAMO  - AUT,RISARALDA,PEREIRA,2021-09-16,74.63426505952381,%
0026125508,LACATALINA  - AUT,RISARALDA,PEREIRA,2021-09-17,62.98848232323232,%
0026125710,APTO MATECAÑA TX GPS/GOES,RISARALDA,PEREIRA,2021-09-17,64.16666666666666,%
0026135300,PNN QUIMBAYA - AUT,RISARALDA,PEREIRA,2021-09-17,9.625,%
0026135501,EL PILAMO  - AUT,RISARALDA,PEREIRA,2021-09-17,56.16097017699115,%
0026125508,LACATALINA  - AUT,RISARALDA,PEREIRA,2021-09-18,68.37048034482758,%
0026125710,APTO MATECAÑA TX GPS/GOES,RISARALDA,PEREIRA,2021-09-18,69.125,%
0026135300,PNN QUIMBAYA - AUT,RISARALDA,PEREIRA,2021-09-18,9.291666666666668,%
0026135501,EL PILAMO  - AUT,RISARALDA,PEREIRA,2021-09-18,73.37155199004974,%
0026125508,LACATALINA  - AUT,RISARALDA,PEREIRA,2021-09-19,74.53568574074073,%
0026125710,APTO MATECAÑA TX GPS/GOES,RISARALDA,PEREIRA,2021-09-19,78.04166666666667,%
0026135300,PNN QUIMBAYA - AUT,RISARALDA,PEREIRA,2021-09-19,9.708333333333332,%
0026135501,EL PILAMO  - AUT,RISARALDA,PEREIRA,2021-09-19,67.48686377622377,%
0026125508,LACATALINA  - AUT,RISARALDA,PEREIRA,2021-09-20,75.70523071969697,%
0026125710,APTO MATECAÑA TX GPS/GOES,RISARALDA,PEREIRA,2021-09-20,79.41666666666667,%
0026135300,PNN QUIMBAYA - AUT,RISARALDA,PEREIRA,2021-09-20,11.708333333333332,%
0026135501,EL PILAMO  - AUT,RISARALDA,PEREIRA,2021-09-20,76.50033423469387,%
0026125508,LACATALINA  - AUT,RISARALDA,PEREIRA,2021-09-21,79.54878830039526,%
0026125710,APTO MATECAÑA TX GPS/GOES,RISARALDA,PEREIRA,2021-09-21,81.41666666666667,%
0026135300,PNN QUIMBAYA - AUT,RISARALDA,PEREIRA,2021-09-21,15.458333333333332,%
0026135501,EL PILAMO  - AUT,RISARALDA,PEREIRA,2021-09-21,85.67754378472222,%
0026125508,LACATALINA  - AUT,RISARALDA,PEREIRA,2021-09-22,84.06424922131147,%
0026125710,APTO MATECAÑA TX GPS/GOES,RISARALDA,PEREIRA,2021-09-22,85.79166666666667,%
0026135300,PNN QUIMBAYA - AUT,RISARALDA,PEREIRA,2021-09-22,16.875,%
0026135501,EL PILAMO  - AUT,RISARALDA,PEREIRA,2021-09-22,88.177673875,%
0026125508,LACATALINA  - AUT,RISARALDA,PEREIRA,2021-09-23,76.99300978142077,%
0026125710,APTO MATECAÑA TX GPS/GOES,RISARALDA,PEREIRA,2021-09-23,87.08333333333333,%
0026135300,PNN QUIMBAYA - AUT,RISARALDA,PEREIRA,2021-09-23,14.583333333333332,%
0026135501,EL PILAMO  - AUT,RISARALDA,PEREIRA,2021-09-23,84.24936835,%
0026125508,LACATALINA  - AUT,RISARALDA,PEREIRA,2021-09-24,81.307082654321,%
0026125710,APTO MATECAÑA TX GPS/GOES,RISARALDA,PEREIRA,2021-09-24,80.53333333333333,%
0026135300,PNN QUIMBAYA - AUT,RISARALDA,PEREIRA,2021-09-24,15.208333333333332,%
0026135501,EL PILAMO  - AUT,RISARALDA,PEREIRA,2021-09-24,73.22961136363637,%
0026125508,LACATALINA  - AUT,RISARALDA,PEREIRA,2021-09-25,55.344832,%
0026125710,APTO MATECAÑA TX GPS/GOES,RISARALDA,PEREIRA,2021-09-25,71.0,%
0026135300,PNN QUIMBAYA - AUT,RISARALDA,PEREIRA,2021-09-25,8.695652173913043,%
0026135501,EL PILAMO  - AUT,RISARALDA,PEREIRA,2021-09-25,85.1839031111111,%
0026125508,LACATALINA  - AUT,RISARALDA,PEREIRA,2021-09-26,66.76657007936508,%
0026125710,APTO MATECAÑA TX GPS/GOES,RISARALDA,PEREIRA,2021-09-26,72.58333333333333,%
0026135300,PNN QUIMBAYA - AUT,RISARALDA,PEREIRA,2021-09-26,5.833333333333334,%
0026135501,EL PILAMO  - AUT,RISARALDA,PEREIRA,2021-09-26,87.5553711904762,%
0026125508,LACATALINA  - AUT,RISARALDA,PEREIRA,2021-09-27,67.68513309027777,%
0026125710,APTO MATECAÑA TX GPS/GOES,RISARALDA,PEREIRA,2021-09-27,68.66666666666666,%
0026135300,PNN QUIMBAYA - AUT,RISARALDA,PEREIRA,2021-09-27,6.333333333333334,%
0026135501,EL PILAMO  - AUT,RISARALDA,PEREIRA,2021-09-27,72.35487290322581,%
0026125508,LACATALINA  - AUT,RISARALDA,PEREIRA,2021-09-28,83.3086376923077,%
0026125710,APTO MATECAÑA TX GPS/GOES,RISARALDA,PEREIRA,2021-09-28,84.16666666666667,%
0026135300,PNN QUIMBAYA - AUT,RISARALDA,PEREIRA,2021-09-28,10.666666666666666,%
0026135501,EL PILAMO  - AUT,RISARALDA,PEREIRA,2021-09-28,86.36298290983606,%
0026125508,LACATALINA  - AUT,RISARALDA,PEREIRA,2021-09-29,80.68137688524591,%
0026125710,APTO MATECAÑA TX GPS/GOES,RISARALDA,PEREIRA,2021-09-29,86.79166666666667,%
0026135300,PNN QUIMBAYA - AUT,RISARALDA,PEREIRA,2021-09-29,16.083333333333332,%
0026135501,EL PILAMO  - AUT,RISARALDA,PEREIRA,2021-09-29,76.60702023952096,%
0026125508,LACATALINA  - AUT,RISARALDA,PEREIRA,2021-09-30,89.92232561403509,%
0026125710,APTO MATECAÑA TX GPS/GOES,RISARALDA,PEREIRA,2021-09-30,91.625,%
0026135300,PNN QUIMBAYA - AUT,RISARALDA,PEREIRA,2021-09-30,16.916666666666664,%
0026135501,EL PILAMO  - AUT,RISARALDA,PEREIRA,2021-09-30,89.91379349462365,%
0026125508,LACATALINA  - AUT,RISARALDA,PEREIRA,2021-10-01,76.98035592592592,%
0026125710,APTO MATECAÑA TX GPS/GOES,RISARALDA,PEREIRA,2021-10-01,81.33333333333333,%
0026135300,PNN QUIMBAYA - AUT,RISARALDA,PEREIRA,2021-10-01,15.17391304347826,%
0026135501,EL PILAMO  - AUT,RISARALDA,PEREIRA,2021-10-01,81.6359775,%
0026125508,LACATALINA  - AUT,RISARALDA,PEREIRA,2021-10-02,79.2780275,%
0026125710,APTO MATECAÑA TX GPS/GOES,RISARALDA,PEREIRA,2021-10-02,78.33333333333333,%
0026135300,PNN QUIMBAYA - AUT,RISARALDA,PEREIRA,2021-10-02,16.25,%
0026135501,EL PILAMO  - AUT,RISARALDA,PEREIRA,2021-10-02,78.76930990909091,%
0026125508,LACATALINA  - AUT,RISARALDA,PEREIRA,2021-10-03,75.13066454861111,%
0026125710,APTO MATECAÑA TX GPS/GOES,RISARALDA,PEREIRA,2021-10-03,75.625,%
0026135300,PNN QUIMBAYA - AUT,RISARALDA,PEREIRA,2021-10-03,15.833333333333332,%
0026135501,EL PILAMO  - AUT,RISARALDA,PEREIRA,2021-10-03,78.74224347328244,%
0026125508,LACATALINA  - AUT,RISARALDA,PEREIRA,2021-10-04,72.07070721649485,%
0026125710,APTO MATECAÑA TX GPS/GOES,RISARALDA,PEREIRA,2021-10-04,76.04545454545455,%
0026135300,PNN QUIMBAYA - AUT,RISARALDA,PEREIRA,2021-10-04,15.75,%
0026135501,EL PILAMO  - AUT,RISARALDA,PEREIRA,2021-10-04,75.95115396907217,%
0026125508,LACATALINA  - AUT,RISARALDA,PEREIRA,2021-10-05,83.08599970464134,%
0026125710,APTO MATECAÑA TX GPS/GOES,RISARALDA,PEREIRA,2021-10-05,84.15,%
0026135300,PNN QUIMBAYA - AUT,RISARALDA,PEREIRA,2021-10-05,17.166666666666664,%
0026135501,EL PILAMO  - AUT,RISARALDA,PEREIRA,2021-10-05,85.53748047619048,%
0026125508,LACATALINA  - AUT,RISARALDA,PEREIRA,2021-10-06,76.43674028089887,%
0026125710,APTO MATECAÑA TX GPS/GOES,RISARALDA,PEREIRA,2021-10-06,81.05882352941175,%
0026135300,PNN QUIMBAYA - AUT,RISARALDA,PEREIRA,2021-10-06,16.791666666666664,%
0026135501,EL PILAMO  - AUT,RISARALDA,PEREIRA,2021-10-06,79.58670633540373,%
0026125508,LACATALINA  - AUT,RISARALDA,PEREIRA,2021-10-07,84.53719804428044,%
0026125710,APTO MATECAÑA TX GPS/GOES,RISARALDA,PEREIRA,2021-10-07,77.0,%
0026135300,PNN QUIMBAYA - AUT,RISARALDA,PEREIRA,2021-10-07,17.958333333333332,%
0026135501,EL PILAMO  - AUT,RISARALDA,PEREIRA,2021-10-07,73.81420581818182,%
0026125508,LACATALINA  - AUT,RISARALDA,PEREIRA,2021-10-08,81.15996913043479,%
0026125710,APTO MATECAÑA TX GPS/GOES,RISARALDA,PEREIRA,2021-10-08,78.91666666666667,%
0026135300,PNN QUIMBAYA - AUT,RISARALDA,PEREIRA,2021-10-08,17.041666666666664,%
0026135501,EL PILAMO  - AUT,RISARALDA,PEREIRA,2021-10-08,86.27269196078431,%
0026125508,LACATALINA  - AUT,RISARALDA,PEREIRA,2021-10-09,82.64751591760299,%
0026125710,APTO MATECAÑA TX GPS/GOES,RISARALDA,PEREIRA,2021-10-09,85.91666666666667,%
0026135300,PNN QUIMBAYA - AUT,RISARALDA,PEREIRA,2021-10-09,17.958333333333332,%
0026135501,EL PILAMO  - AUT,RISARALDA,PEREIRA,2021-10-09,72.19816745614035,%
0026125508,LACATALINA  - AUT,RISARALDA,PEREIRA,2021-10-10,83.7477347081712,%
0026125710,APTO MATECAÑA TX GPS/GOES,RISARALDA,PEREIRA,2021-10-10,85.125,%
0026135300,PNN QUIMBAYA - AUT,RISARALDA,PEREIRA,2021-10-10,18.833333333333332,%
0026135501,EL PILAMO  - AUT,RISARALDA,PEREIRA,2021-10-10,71.02698347107439,%
0026125508,LACATALINA  - AUT,RISARALDA,PEREIRA,2021-10-11,84.44675277777777,%
0026125710,APTO MATECAÑA TX GPS/GOES,RISARALDA,PEREIRA,2021-10-11,86.16666666666667,%
0026135300,PNN QUIMBAYA - AUT,RISARALDA,PEREIRA,2021-10-11,18.083333333333332,%
0026135501,EL PILAMO  - AUT,RISARALDA,PEREIRA,2021-10-11,82.07036229591837,%
0026125508,LACATALINA  - AUT,RISARALDA,PEREIRA,2021-10-12,75.36542439461883,%
0026125710,APTO MATECAÑA TX GPS/GOES,RISARALDA,PEREIRA,2021-10-12,80.08333333333333,%
0026135300,PNN QUIMBAYA - AUT,RISARALDA,PEREIRA,2021-10-12,17.875,%
0026135501,EL PILAMO  - AUT,RISARALDA,PEREIRA,2021-10-12,83.03827347222223,%
0026125508,LACATALINA  - AUT,RISARALDA,PEREIRA,2021-10-13,74.69235004291845,%
0026125710,APTO MATECAÑA TX GPS/GOES,RISARALDA,PEREIRA,2021-10-13,81.125,%
0026135300,PNN QUIMBAYA - AUT,RISARALDA,PEREIRA,2021-10-13,16.125,%
0026135501,EL PILAMO  - AUT,RISARALDA,PEREIRA,2021-10-13,71.71742782178218,%
0026125508,LACATALINA  - AUT,RISARALDA,PEREIRA,2021-10-14,84.18859795366795,%
0026125710,APTO MATECAÑA TX GPS/GOES,RISARALDA,PEREIRA,2021-10-14,86.08333333333333,%
0026135300,PNN QUIMBAYA - AUT,RISARALDA,PEREIRA,2021-10-14,17.041666666666664,%
0026135501,EL PILAMO  - AUT,RISARALDA,PEREIRA,2021-10-14,82.32264565714286,%
0026125508,LACATALINA  - AUT,RISARALDA,PEREIRA,2021-10-15,73.78445794676806,%
0026125710,APTO MATECAÑA TX GPS/GOES,RISARALDA,PEREIRA,2021-10-15,77.33333333333333,%
0026135300,PNN QUIMBAYA - AUT,RISARALDA,PEREIRA,2021-10-15,14.416666666666666,%
0026135501,EL PILAMO  - AUT,RISARALDA,PEREIRA,2021-10-15,74.00046174107142,%
0026125508,LACATALINA  - AUT,RISARALDA,PEREIRA,2021-10-16,81.83846565853659,%
0026125710,APTO MATECAÑA TX GPS/GOES,RISARALDA,PEREIRA,2021-10-16,86.95652173913044,%
0026135300,PNN QUIMBAYA - AUT,RISARALDA,PEREIRA,2021-10-16,16.708333333333332,%
0026135501,EL PILAMO  - AUT,RISARALDA,PEREIRA,2021-10-16,82.4301234741784,%
0026125508,LACATALINA  - AUT,RISARALDA,PEREIRA,2021-10-17,79.48726352,%
0026125710,APTO MATECAÑA TX GPS/GOES,RISARALDA,PEREIRA,2021-10-17,85.58333333333333,%
0026135300,PNN QUIMBAYA - AUT,RISARALDA,PEREIRA,2021-10-17,17.291666666666664,%
0026135501,EL PILAMO  - AUT,RISARALDA,PEREIRA,2021-10-17,78.3128871597633,%
0026125508,LACATALINA  - AUT,RISARALDA,PEREIRA,2021-10-18,80.08233577946768,%
0026125710,APTO MATECAÑA TX GPS/GOES,RISARALDA,PEREIRA,2021-10-18,81.08333333333333,%
0026135300,PNN QUIMBAYA - AUT,RISARALDA,PEREIRA,2021-10-18,17.708333333333332,%
0026135501,EL PILAMO  - AUT,RISARALDA,PEREIRA,2021-10-18,80.7163530541872,%
0026125508,LACATALINA  - AUT,RISARALDA,PEREIRA,2021-10-19,76.08115881944445,%
0026125710,APTO MATECAÑA TX GPS/GOES,RISARALDA,PEREIRA,2021-10-19,77.95833333333333,%
0026135300,PNN QUIMBAYA - AUT,RISARALDA,PEREIRA,2021-10-19,17.125,%
0026135501,EL PILAMO  - AUT,RISARALDA,PEREIRA,2021-10-19,73.65893778801843,%
0026125508,LACATALINA  - AUT,RISARALDA,PEREIRA,2021-10-20,75.30483710144928,%
0026125710,APTO MATECAÑA TX GPS/GOES,RISARALDA,PEREIRA,2021-10-20,84.66666666666667,%
0026135300,PNN QUIMBAYA - AUT,RISARALDA,PEREIRA,2021-10-20,16.75,%
0026135501,EL PILAMO  - AUT,RISARALDA,PEREIRA,2021-10-20,83.51400072580645,%
0026125508,LACATALINA  - AUT,RISARALDA,PEREIRA,2021-10-21,86.96548565217392,%
0026125710,APTO MATECAÑA TX GPS/GOES,RISARALDA,PEREIRA,2021-10-21,90.375,%
0026135300,PNN QUIMBAYA - AUT,RISARALDA,PEREIRA,2021-10-21,18.416666666666664,%
0026135501,EL PILAMO  - AUT,RISARALDA,PEREIRA,2021-10-21,84.51360272151899,%
0026125508,LACATALINA  - AUT,RISARALDA,PEREIRA,2021-10-22,85.703402,%
0026125710,APTO MATECAÑA TX GPS/GOES,RISARALDA,PEREIRA,2021-10-22,88.30434782608695,%
0026135300,PNN QUIMBAYA - AUT,RISARALDA,PEREIRA,2021-10-22,18.0,%
0026135501,EL PILAMO  - AUT,RISARALDA,PEREIRA,2021-10-22,79.19931337016574,%
0026125508,LACATALINA  - AUT,RISARALDA,PEREIRA,2021-10-23,86.39465493023256,%
0026125710,APTO MATECAÑA TX GPS/GOES,RISARALDA,PEREIRA,2021-10-23,91.125,%
0026135300,PNN QUIMBAYA - AUT,RISARALDA,PEREIRA,2021-10-23,18.0,%
0026135501,EL PILAMO  - AUT,RISARALDA,PEREIRA,2021-10-23,92.77757364444444,%
0026125508,LACATALINA  - AUT,RISARALDA,PEREIRA,2021-10-24,76.6295958888889,%
0026125710,APTO MATECAÑA TX GPS/GOES,RISARALDA,PEREIRA,2021-10-24,82.54166666666667,%
0026135300,PNN QUIMBAYA - AUT,RISARALDA,PEREIRA,2021-10-24,29.375,%
0026135501,EL PILAMO  - AUT,RISARALDA,PEREIRA,2021-10-24,72.64487715,%
0026125508,LACATALINA  - AUT,RISARALDA,PEREIRA,2021-10-25,86.93724162280702,%
0026125710,APTO MATECAÑA TX GPS/GOES,RISARALDA,PEREIRA,2021-10-25,87.08695652173914,%
0026135300,PNN QUIMBAYA - AUT,RISARALDA,PEREIRA,2021-10-25,44.208333333333336,%
0026135501,EL PILAMO  - AUT,RISARALDA,PEREIRA,2021-10-25,88.7634778318584,%
0026125508,LACATALINA  - AUT,RISARALDA,PEREIRA,2021-10-26,85.48880680672269,%
0026125710,APTO MATECAÑA TX GPS/GOES,RISARALDA,PEREIRA,2021-10-26,88.70833333333333,%
0026135300,PNN QUIMBAYA - AUT,RISARALDA,PEREIRA,2021-10-26,18.5,%
0026135501,EL PILAMO  - AUT,RISARALDA,PEREIRA,2021-10-26,79.60687513392858,%
0026125508,LACATALINA  - AUT,RISARALDA,PEREIRA,2021-10-27,84.80689459016394,%
0026125710,APTO MATECAÑA TX GPS/GOES,RISARALDA,PEREIRA,2021-10-27,88.625,%
0026135300,PNN QUIMBAYA - AUT,RISARALDA,PEREIRA,2021-10-27,17.333333333333332,%
0026135501,EL PILAMO  - AUT,RISARALDA,PEREIRA,2021-10-27,85.40023990740741,%
0026125508,LACATALINA  - AUT,RISARALDA,PEREIRA,2021-10-28,77.64272944664032,%
0026125710,APTO MATECAÑA TX GPS/GOES,RISARALDA,PEREIRA,2021-10-28,79.875,%
0026135300,PNN QUIMBAYA - AUT,RISARALDA,PEREIRA,2021-10-28,23.208333333333332,%
0026135501,EL PILAMO  - AUT,RISARALDA,PEREIRA,2021-10-28,77.88204260869564,%
0026125508,LACATALINA  - AUT,RISARALDA,PEREIRA,2021-10-29,78.82077194092827,%
0026125710,APTO MATECAÑA TX GPS/GOES,RISARALDA,PEREIRA,2021-10-29,83.45833333333333,%
0026135300,PNN QUIMBAYA - AUT,RISARALDA,PEREIRA,2021-10-29,56.416666666666664,%
0026135501,EL PILAMO  - AUT,RISARALDA,PEREIRA,2021-10-29,81.95875281385281,%
0026125508,LACATALINA  - AUT,RISARALDA,PEREIRA,2021-10-30,73.695300625,%
0026125710,APTO MATECAÑA TX GPS/GOES,RISARALDA,PEREIRA,2021-10-30,75.41666666666667,%
0026135300,PNN QUIMBAYA - AUT,RISARALDA,PEREIRA,2021-10-30,49.0,%
0026135501,EL PILAMO  - AUT,RISARALDA,PEREIRA,2021-10-30,74.21666846153846,%
0026125508,LACATALINA  - AUT,RISARALDA,PEREIRA,2021-10-31,79.64673366906476,%
0026125710,APTO MATECAÑA TX GPS/GOES,RISARALDA,PEREIRA,2021-10-31,83.25,%
0026135300,PNN QUIMBAYA - AUT,RISARALDA,PEREIRA,2021-10-31,17.708333333333332,%
0026135501,EL PILAMO  - AUT,RISARALDA,PEREIRA,2021-10-31,79.21151210526315,%
0026125508,LACATALINA  - AUT,RISARALDA,PEREIRA,2021-11-01,75.23640860986548,%
0026125710,APTO MATECAÑA TX GPS/GOES,RISARALDA,PEREIRA,2021-11-01,81.60869565217392,%
0026135300,PNN QUIMBAYA - AUT,RISARALDA,PEREIRA,2021-11-01,16.041666666666664,%
0026135501,EL PILAMO  - AUT,RISARALDA,PEREIRA,2021-11-01,76.75638288557215,%
0026125508,LACATALINA  - AUT,RISARALDA,PEREIRA,2021-11-02,77.61128042253522,%
0026125710,APTO MATECAÑA TX GPS/GOES,RISARALDA,PEREIRA,2021-11-02,83.95833333333333,%
0026135300,PNN QUIMBAYA - AUT,RISARALDA,PEREIRA,2021-11-02,16.304347826086957,%
0026135501,EL PILAMO  - AUT,RISARALDA,PEREIRA,2021-11-02,80.17021313364056,%
0026125508,LACATALINA  - AUT,RISARALDA,PEREIRA,2021-11-03,81.36553541353383,%
0026125710,APTO MATECAÑA TX GPS/GOES,RISARALDA,PEREIRA,2021-11-03,83.16666666666667,%
0026135300,PNN QUIMBAYA - AUT,RISARALDA,PEREIRA,2021-11-03,15.166666666666666,%
0026135501,EL PILAMO  - AUT,RISARALDA,PEREIRA,2021-11-03,78.94619137755102,%
0026125508,LACATALINA  - AUT,RISARALDA,PEREIRA,2021-11-04,79.46748028225807,%
0026125710,APTO MATECAÑA TX GPS/GOES,RISARALDA,PEREIRA,2021-11-04,82.39130434782608,%
0026135300,PNN QUIMBAYA - AUT,RISARALDA,PEREIRA,2021-11-04,16.875,%
0026135501,EL PILAMO  - AUT,RISARALDA,PEREIRA,2021-11-04,77.51867198924731,%
0026125508,LACATALINA  - AUT,RISARALDA,PEREIRA,2021-11-05,78.48496130742049,%
0026125710,APTO MATECAÑA TX GPS/GOES,RISARALDA,PEREIRA,2021-11-05,77.31818181818183,%
0026135300,PNN QUIMBAYA - AUT,RISARALDA,PEREIRA,2021-11-05,15.875,%
0026135501,EL PILAMO  - AUT,RISARALDA,PEREIRA,2021-11-05,73.09186782122906,%
0026125508,LACATALINA  - AUT,RISARALDA,PEREIRA,2021-11-06,75.35011069444445,%
0026125710,APTO MATECAÑA TX GPS/GOES,RISARALDA,PEREIRA,2021-11-06,75.08695652173914,%
0026135300,PNN QUIMBAYA - AUT,RISARALDA,PEREIRA,2021-11-06,16.25,%
0026135501,EL PILAMO  - AUT,RISARALDA,PEREIRA,2021-11-06,78.6373173263889,%
0026125508,LACATALINA  - AUT,RISARALDA,PEREIRA,2021-11-07,77.0781620486111,%
0026125710,APTO MATECAÑA TX GPS/GOES,RISARALDA,PEREIRA,2021-11-07,73.70833333333333,%
0026135300,PNN QUIMBAYA - AUT,RISARALDA,PEREIRA,2021-11-07,14.25,%
0026135501,EL PILAMO  - AUT,RISARALDA,PEREIRA,2021-11-07,82.23479494661922,%
0026125508,LACATALINA  - AUT,RISARALDA,PEREIRA,2021-11-08,84.19611021929823,%
0026125710,APTO MATECAÑA TX GPS/GOES,RISARALDA,PEREIRA,2021-11-08,85.75,%
0026135300,PNN QUIMBAYA - AUT,RISARALDA,PEREIRA,2021-11-08,16.125,%
0026135501,EL PILAMO  - AUT,RISARALDA,PEREIRA,2021-11-08,89.76160152985075,%
0026125508,LACATALINA  - AUT,RISARALDA,PEREIRA,2021-11-09,80.94487440909091,%
0026125710,APTO MATECAÑA TX GPS/GOES,RISARALDA,PEREIRA,2021-11-09,88.0,%
0026135300,PNN QUIMBAYA - AUT,RISARALDA,PEREIRA,2021-11-09,16.625,%
0026135501,EL PILAMO  - AUT,RISARALDA,PEREIRA,2021-11-09,81.0034690521327,%
0026125508,LACATALINA  - AUT,RISARALDA,PEREIRA,2021-11-10,80.27555787755102,%
0026125710,APTO MATECAÑA TX GPS/GOES,RISARALDA,PEREIRA,2021-11-10,85.47826086956522,%
0026135300,PNN QUIMBAYA - AUT,RISARALDA,PEREIRA,2021-11-10,17.583333333333332,%
0026135501,EL PILAMO  - AUT,RISARALDA,PEREIRA,2021-11-10,81.86221464285714,%
0026125508,LACATALINA  - AUT,RISARALDA,PEREIRA,2021-11-11,75.17035343873519,%
0026125710,APTO MATECAÑA TX GPS/GOES,RISARALDA,PEREIRA,2021-11-11,83.04761904761904,%
0026135300,PNN QUIMBAYA - AUT,RISARALDA,PEREIRA,2021-11-11,32.125,%
0026135501,EL PILAMO  - AUT,RISARALDA,PEREIRA,2021-11-11,75.03726727722773,%
0026125508,LACATALINA  - AUT,RISARALDA,PEREIRA,2021-11-12,75.67625575471698,%
0026125710,APTO MATECAÑA TX GPS/GOES,RISARALDA,PEREIRA,2021-11-12,83.33333333333333,%
0026135300,PNN QUIMBAYA - AUT,RISARALDA,PEREIRA,2021-11-12,88.5,%
0026135501,EL PILAMO  - AUT,RISARALDA,PEREIRA,2021-11-12,81.84132325581395,%
0026125508,LACATALINA  - AUT,RISARALDA,PEREIRA,2021-11-13,86.54348868686868,%
0026125710,APTO MATECAÑA TX GPS/GOES,RISARALDA,PEREIRA,2021-11-13,87.58333333333333,%
0026135300,PNN QUIMBAYA - AUT,RISARALDA,PEREIRA,2021-11-13,91.83333333333333,%
0026135501,EL PILAMO  - AUT,RISARALDA,PEREIRA,2021-11-13,87.59997460122699,%
0026125508,LACATALINA  - AUT,RISARALDA,PEREIRA,2021-11-14,82.12390789029536,%
0026125710,APTO MATECAÑA TX GPS/GOES,RISARALDA,PEREIRA,2021-11-14,81.625,%
0026135300,PNN QUIMBAYA - AUT,RISARALDA,PEREIRA,2021-11-14,87.04166666666667,%
0026135501,EL PILAMO  - AUT,RISARALDA,PEREIRA,2021-11-14,74.92743054054054,%
0026125508,LACATALINA  - AUT,RISARALDA,PEREIRA,2021-11-15,83.9095748292683,%
0026125710,APTO MATECAÑA TX GPS/GOES,RISARALDA,PEREIRA,2021-11-15,87.66666666666667,%
0026135300,PNN QUIMBAYA - AUT,RISARALDA,PEREIRA,2021-11-15,92.20833333333333,%
0026135501,EL PILAMO  - AUT,RISARALDA,PEREIRA,2021-11-15,82.51239811688312,%
0026125508,LACATALINA  - AUT,RISARALDA,PEREIRA,2021-11-16,73.24992517543859,%
0026125710,APTO MATECAÑA TX GPS/GOES,RISARALDA,PEREIRA,2021-11-16,85.375,%
0026135300,PNN QUIMBAYA - AUT,RISARALDA,PEREIRA,2021-11-16,86.625,%
0026135501,EL PILAMO  - AUT,RISARALDA,PEREIRA,2021-11-16,71.14266786407767,%
0026125508,LACATALINA  - AUT,RISARALDA,PEREIRA,2021-11-17,72.42294220338982,%
0026125710,APTO MATECAÑA TX GPS/GOES,RISARALDA,PEREIRA,2021-11-17,81.625,%
0026135300,PNN QUIMBAYA - AUT,RISARALDA,PEREIRA,2021-11-17,88.45833333333333,%
0026135501,EL PILAMO  - AUT,RISARALDA,PEREIRA,2021-11-17,78.71719483271376,%
0026125508,LACATALINA  - AUT,RISARALDA,PEREIRA,2021-11-18,84.16483672489083,%
0026125710,APTO MATECAÑA TX GPS/GOES,RISARALDA,PEREIRA,2021-11-18,89.66666666666667,%
0026135300,PNN QUIMBAYA - AUT,RISARALDA,PEREIRA,2021-11-18,91.875,%
0026135501,EL PILAMO  - AUT,RISARALDA,PEREIRA,2021-11-18,82.40383510204082,%
0026125508,LACATALINA  - AUT,RISARALDA,PEREIRA,2021-11-19,85.316460438247,%
0026125710,APTO MATECAÑA TX GPS/GOES,RISARALDA,PEREIRA,2021-11-19,87.33333333333333,%
0026135300,PNN QUIMBAYA - AUT,RISARALDA,PEREIRA,2021-11-19,89.29166666666667,%
0026135501,EL PILAMO  - AUT,RISARALDA,PEREIRA,2021-11-19,83.23358196319018,%
0026125508,LACATALINA  - AUT,RISARALDA,PEREIRA,2021-11-20,81.21348858181818,%
0026125710,APTO MATECAÑA TX GPS/GOES,RISARALDA,PEREIRA,2021-11-20,83.70833333333333,%
0026135300,PNN QUIMBAYA - AUT,RISARALDA,PEREIRA,2021-11-20,80.70833333333333,%
0026135501,EL PILAMO  - AUT,RISARALDA,PEREIRA,2021-11-20,77.17569096938776,%
0026125508,LACATALINA  - AUT,RISARALDA,PEREIRA,2021-11-21,80.70456681102361,%
0026125710,APTO MATECAÑA TX GPS/GOES,RISARALDA,PEREIRA,2021-11-21,86.58333333333333,%
0026135300,PNN QUIMBAYA - AUT,RISARALDA,PEREIRA,2021-11-21,91.56521739130436,%
0026135501,EL PILAMO  - AUT,RISARALDA,PEREIRA,2021-11-21,82.85904701754386,%
0026125508,LACATALINA  - AUT,RISARALDA,PEREIRA,2021-11-22,82.18292643518518,%
0026125710,APTO MATECAÑA TX GPS/GOES,RISARALDA,PEREIRA,2021-11-22,85.79166666666667,%
0026135300,PNN QUIMBAYA - AUT,RISARALDA,PEREIRA,2021-11-22,90.45833333333333,%
0026135501,EL PILAMO  - AUT,RISARALDA,PEREIRA,2021-11-22,81.90960702564102,%
0026125508,LACATALINA  - AUT,RISARALDA,PEREIRA,2021-11-23,85.32017689655173,%
0026125710,APTO MATECAÑA TX GPS/GOES,RISARALDA,PEREIRA,2021-11-23,93.16666666666667,%
0026135300,PNN QUIMBAYA - AUT,RISARALDA,PEREIRA,2021-11-23,94.16666666666667,%
0026135501,EL PILAMO  - AUT,RISARALDA,PEREIRA,2021-11-23,81.2792984375,%
0026125508,LACATALINA  - AUT,RISARALDA,PEREIRA,2021-11-24,88.76353961864406,%
0026125710,APTO MATECAÑA TX GPS/GOES,RISARALDA,PEREIRA,2021-11-24,92.375,%
0026135300,PNN QUIMBAYA - AUT,RISARALDA,PEREIRA,2021-11-24,93.41666666666667,%
0026135501,EL PILAMO  - AUT,RISARALDA,PEREIRA,2021-11-24,86.86064422885573,%
0026125508,LACATALINA  - AUT,RISARALDA,PEREIRA,2021-11-25,85.83344075,%
0026125710,APTO MATECAÑA TX GPS/GOES,RISARALDA,PEREIRA,2021-11-25,89.125,%
0026135300,PNN QUIMBAYA - AUT,RISARALDA,PEREIRA,2021-11-25,95.5,%
0026135501,EL PILAMO  - AUT,RISARALDA,PEREIRA,2021-11-25,89.31134376190477,%
0026125508,LACATALINA  - AUT,RISARALDA,PEREIRA,2021-11-26,85.4649882010582,%
0026125710,APTO MATECAÑA TX GPS/GOES,RISARALDA,PEREIRA,2021-11-26,94.54166666666667,%
0026135300,PNN QUIMBAYA - AUT,RISARALDA,PEREIRA,2021-11-26,81.45833333333333,%
0026135501,EL PILAMO  - AUT,RISARALDA,PEREIRA,2021-11-26,85.68830361842106,%
0026125508,LACATALINA  - AUT,RISARALDA,PEREIRA,2021-11-27,76.15919557823129,%
0026125710,APTO MATECAÑA TX GPS/GOES,RISARALDA,PEREIRA,2021-11-27,86.70833333333333,%
0026135300,PNN QUIMBAYA - AUT,RISARALDA,PEREIRA,2021-11-27,70.875,%
0026135501,EL PILAMO  - AUT,RISARALDA,PEREIRA,2021-11-27,68.684332,%
0026125508,LACATALINA  - AUT,RISARALDA,PEREIRA,2021-11-28,68.70829774566474,%
0026125710,APTO MATECAÑA TX GPS/GOES,RISARALDA,PEREIRA,2021-11-28,78.21739130434783,%
0026135300,PNN QUIMBAYA - AUT,RISARALDA,PEREIRA,2021-11-28,81.91666666666667,%
0026135501,EL PILAMO  - AUT,RISARALDA,PEREIRA,2021-11-28,71.29858162337662,%
0026125508,LACATALINA  - AUT,RISARALDA,PEREIRA,2021-11-29,80.04836642857143,%
0026125710,APTO MATECAÑA TX GPS/GOES,RISARALDA,PEREIRA,2021-11-29,85.70833333333333,%
0026135300,PNN QUIMBAYA - AUT,RISARALDA,PEREIRA,2021-11-29,78.08333333333333,%
0026135501,EL PILAMO  - AUT,RISARALDA,PEREIRA,2021-11-29,79.24338312101911,%
0026125508,LACATALINA  - AUT,RISARALDA,PEREIRA,2021-11-30,84.253622,%
0026125710,APTO MATECAÑA TX GPS/GOES,RISARALDA,PEREIRA,2021-11-30,88.16666666666667,%
0026135300,PNN QUIMBAYA - AUT,RISARALDA,PEREIRA,2021-11-30,67.79166666666666,%
0026135501,EL PILAMO  - AUT,RISARALDA,PEREIRA,2021-11-30,83.26898333333332,%
0026125508,LACATALINA  - AUT,RISARALDA,PEREIRA,2021-12-01,73.76606774647888,%
0026125710,APTO MATECAÑA TX GPS/GOES,RISARALDA,PEREIRA,2021-12-01,82.95833333333333,%
0026135300,PNN QUIMBAYA - AUT,RISARALDA,PEREIRA,2021-12-01,68.16666666666666,%
0026135501,EL PILAMO  - AUT,RISARALDA,PEREIRA,2021-12-01,74.94547971291865,%
0026125508,LACATALINA  - AUT,RISARALDA,PEREIRA,2021-12-02,73.39515582995952,%
0026125710,APTO MATECAÑA TX GPS/GOES,RISARALDA,PEREIRA,2021-12-02,78.66666666666667,%
0026135300,PNN QUIMBAYA - AUT,RISARALDA,PEREIRA,2021-12-02,79.54166666666667,%
0026135501,EL PILAMO  - AUT,RISARALDA,PEREIRA,2021-12-02,74.18490766816144,%
0026125508,LACATALINA  - AUT,RISARALDA,PEREIRA,2021-12-03,79.94057878472222,%
0026125710,APTO MATECAÑA TX GPS/GOES,RISARALDA,PEREIRA,2021-12-03,79.13043478260869,%
0026135300,PNN QUIMBAYA - AUT,RISARALDA,PEREIRA,2021-12-03,90.125,%
0026135501,EL PILAMO  - AUT,RISARALDA,PEREIRA,2021-12-03,87.08499802083332,%
0026125508,LACATALINA  - AUT,RISARALDA,PEREIRA,2021-12-04,77.00483646428572,%
0026125710,APTO MATECAÑA TX GPS/GOES,RISARALDA,PEREIRA,2021-12-04,79.54166666666667,%
0026135300,PNN QUIMBAYA - AUT,RISARALDA,PEREIRA,2021-12-04,69.95833333333334,%
0026135501,EL PILAMO  - AUT,RISARALDA,PEREIRA,2021-12-04,80.28963571428571,%
0026125508,LACATALINA  - AUT,RISARALDA,PEREIRA,2021-12-06,79.49507037656905,%
0026125710,APTO MATECAÑA TX GPS/GOES,RISARALDA,PEREIRA,2021-12-06,80.125,%
0026135300,PNN QUIMBAYA - AUT,RISARALDA,PEREIRA,2021-12-06,56.0,%
0026135501,EL PILAMO  - AUT,RISARALDA,PEREIRA,2021-12-06,82.63016438596492,%
0026125508,LACATALINA  - AUT,RISARALDA,PEREIRA,2021-12-07,74.41449370503597,%
0026125710,APTO MATECAÑA TX GPS/GOES,RISARALDA,PEREIRA,2021-12-07,77.04166666666667,%
0026135300,PNN QUIMBAYA - AUT,RISARALDA,PEREIRA,2021-12-07,67.41666666666666,%
0026135501,EL PILAMO  - AUT,RISARALDA,PEREIRA,2021-12-07,76.20584884,%
0026125508,LACATALINA  - AUT,RISARALDA,PEREIRA,2021-12-08,73.84142378472222,%
0026125710,APTO MATECAÑA TX GPS/GOES,RISARALDA,PEREIRA,2021-12-08,75.8695652173913,%
0026135300,PNN QUIMBAYA - AUT,RISARALDA,PEREIRA,2021-12-08,72.875,%
0026135501,EL PILAMO  - AUT,RISARALDA,PEREIRA,2021-12-08,78.11718840277777,%
0026125508,LACATALINA  - AUT,RISARALDA,PEREIRA,2021-12-09,78.19205378472222,%
0026125710,APTO MATECAÑA TX GPS/GOES,RISARALDA,PEREIRA,2021-12-09,84.375,%
0026135300,PNN QUIMBAYA - AUT,RISARALDA,PEREIRA,2021-12-09,46.5,%
0026135501,EL PILAMO  - AUT,RISARALDA,PEREIRA,2021-12-09,84.43263539370078,%
0026125508,LACATALINA  - AUT,RISARALDA,PEREIRA,2021-12-10,80.19364710801393,%
0026125710,APTO MATECAÑA TX GPS/GOES,RISARALDA,PEREIRA,2021-12-10,82.75,%
0026135300,PNN QUIMBAYA - AUT,RISARALDA,PEREIRA,2021-12-10,37.958333333333336,%
0026135501,EL PILAMO  - AUT,RISARALDA,PEREIRA,2021-12-10,80.97500989637305,%
0026125508,LACATALINA  - AUT,RISARALDA,PEREIRA,2021-12-11,88.67319834285713,%
0026125710,APTO MATECAÑA TX GPS/GOES,RISARALDA,PEREIRA,2021-12-11,89.375,%
0026135300,PNN QUIMBAYA - AUT,RISARALDA,PEREIRA,2021-12-11,14.125,%
0026135501,EL PILAMO  - AUT,RISARALDA,PEREIRA,2021-12-11,86.41356628272251,%
0026125508,LACATALINA  - AUT,RISARALDA,PEREIRA,2021-12-12,89.1334938392857,%
0026125710,APTO MATECAÑA TX GPS/GOES,RISARALDA,PEREIRA,2021-12-12,94.04166666666667,%
0026135300,PNN QUIMBAYA - AUT,RISARALDA,PEREIRA,2021-12-12,9.5,%
0026135501,EL PILAMO  - AUT,RISARALDA,PEREIRA,2021-12-12,92.98858673267327,%
0026125508,LACATALINA  - AUT,RISARALDA,PEREIRA,2021-12-13,77.24339298892988,%
0026125710,APTO MATECAÑA TX GPS/GOES,RISARALDA,PEREIRA,2021-12-13,80.45833333333333,%
0026135300,PNN QUIMBAYA - AUT,RISARALDA,PEREIRA,2021-12-13,80.16666666666667,%
0026135501,EL PILAMO  - AUT,RISARALDA,PEREIRA,2021-12-13,68.8235435,%
0026125508,LACATALINA  - AUT,RISARALDA,PEREIRA,2021-12-14,74.26772211805554,%
0026125710,APTO MATECAÑA TX GPS/GOES,RISARALDA,PEREIRA,2021-12-14,76.45833333333333,%
0026135300,PNN QUIMBAYA - AUT,RISARALDA,PEREIRA,2021-12-14,84.29166666666667,%
0026135501,EL PILAMO  - AUT,RISARALDA,PEREIRA,2021-12-14,77.96197625,%
0026125508,LACATALINA  - AUT,RISARALDA,PEREIRA,2021-12-15,76.57741597222223,%
0026125710,APTO MATECAÑA TX GPS/GOES,RISARALDA,PEREIRA,2021-12-15,76.58333333333333,%
0026135300,PNN QUIMBAYA - AUT,RISARALDA,PEREIRA,2021-12-15,83.0,%
0026135501,EL PILAMO  - AUT,RISARALDA,PEREIRA,2021-12-15,81.0560203125,%
0026125508,LACATALINA  - AUT,RISARALDA,PEREIRA,2021-12-16,78.20160972125436,%
0026125710,APTO MATECAÑA TX GPS/GOES,RISARALDA,PEREIRA,2021-12-16,79.20833333333333,%
0026135300,PNN QUIMBAYA - AUT,RISARALDA,PEREIRA,2021-12-16,18.875,%
0026135501,EL PILAMO  - AUT,RISARALDA,PEREIRA,2021-12-16,82.66671143369176,%
0026125508,LACATALINA  - AUT,RISARALDA,PEREIRA,2021-12-17,79.72791815972222,%
0026125710,APTO MATECAÑA TX GPS/GOES,RISARALDA,PEREIRA,2021-12-17,85.29166666666667,%
0026135300,PNN QUIMBAYA - AUT,RISARALDA,PEREIRA,2021-12-17,14.5,%
0026135501,EL PILAMO  - AUT,RISARALDA,PEREIRA,2021-12-17,85.47710150877194,%
0026125508,LACATALINA  - AUT,RISARALDA,PEREIRA,2021-12-18,82.59165700787402,%
0026125710,APTO MATECAÑA TX GPS/GOES,RISARALDA,PEREIRA,2021-12-18,94.20833333333333,%
0026135300,PNN QUIMBAYA - AUT,RISARALDA,PEREIRA,2021-12-18,26.75,%
0026135501,EL PILAMO  - AUT,RISARALDA,PEREIRA,2021-12-18,85.61988253086419,%
0026125508,LACATALINA  - AUT,RISARALDA,PEREIRA,2021-12-19,76.08724455026454,%
0026125710,APTO MATECAÑA TX GPS/GOES,RISARALDA,PEREIRA,2021-12-19,83.79166666666667,%
0026135300,PNN QUIMBAYA - AUT,RISARALDA,PEREIRA,2021-12-19,6.958333333333334,%
0026135501,EL PILAMO  - AUT,RISARALDA,PEREIRA,2021-12-19,73.13523046391752,%
0026125508,LACATALINA  - AUT,RISARALDA,PEREIRA,2021-12-20,79.58207054263566,%
0026125710,APTO MATECAÑA TX GPS/GOES,RISARALDA,PEREIRA,2021-12-20,84.33333333333333,%
0026135300,PNN QUIMBAYA - AUT,RISARALDA,PEREIRA,2021-12-20,3.75,%
0026135501,EL PILAMO  - AUT,RISARALDA,PEREIRA,2021-12-20,81.98953408510638,%
0026125508,LACATALINA  - AUT,RISARALDA,PEREIRA,2021-12-21,95.78165683333333,%
0026125710,APTO MATECAÑA TX GPS/GOES,RISARALDA,PEREIRA,2021-12-21,90.20833333333333,%
0026135300,PNN QUIMBAYA - AUT,RISARALDA,PEREIRA,2021-12-21,1.7916666666666667,%
0026135501,EL PILAMO  - AUT,RISARALDA,PEREIRA,2021-12-21,88.4599961658031,%
0026125508,LACATALINA  - AUT,RISARALDA,PEREIRA,2021-12-22,79.3564562055336,%
0026125710,APTO MATECAÑA TX GPS/GOES,RISARALDA,PEREIRA,2021-12-22,85.58333333333333,%
0026135300,PNN QUIMBAYA - AUT,RISARALDA,PEREIRA,2021-12-22,1.5416666666666667,%
0026135501,EL PILAMO  - AUT,RISARALDA,PEREIRA,2021-12-22,73.57129880208333,%
0026125508,LACATALINA  - AUT,RISARALDA,PEREIRA,2021-12-23,77.17263723981901,%
0026125710,APTO MATECAÑA TX GPS/GOES,RISARALDA,PEREIRA,2021-12-23,83.20833333333333,%
0026135300,PNN QUIMBAYA - AUT,RISARALDA,PEREIRA,2021-12-23,1.5416666666666667,%
0026135501,EL PILAMO  - AUT,RISARALDA,PEREIRA,2021-12-23,81.0934451736111,%
0026125508,LACATALINA  - AUT,RISARALDA,PEREIRA,2021-12-24,71.2203,%
0026125710,APTO MATECAÑA TX GPS/GOES,RISARALDA,PEREIRA,2021-12-24,79.30434782608695,%
0026135300,PNN QUIMBAYA - AUT,RISARALDA,PEREIRA,2021-12-24,1.1818181818181819,%
0026135501,EL PILAMO  - AUT,RISARALDA,PEREIRA,2021-12-24,79.49573482394366,%
0026125508,LACATALINA  - AUT,RISARALDA,PEREIRA,2021-12-25,73.23539157894736,%
0026125710,APTO MATECAÑA TX GPS/GOES,RISARALDA,PEREIRA,2021-12-25,78.52380952380952,%
0026135300,PNN QUIMBAYA - AUT,RISARALDA,PEREIRA,2021-12-25,1.391304347826087,%
0026135501,EL PILAMO  - AUT,RISARALDA,PEREIRA,2021-12-25,72.21455309178744,%
0026125508,LACATALINA  - AUT,RISARALDA,PEREIRA,2021-12-26,81.27390512820512,%
0026125710,APTO MATECAÑA TX GPS/GOES,RISARALDA,PEREIRA,2021-12-26,85.95833333333333,%
0026135300,PNN QUIMBAYA - AUT,RISARALDA,PEREIRA,2021-12-26,1.625,%
0026135501,EL PILAMO  - AUT,RISARALDA,PEREIRA,2021-12-26,82.75118746987953,%
0026125508,LACATALINA  - AUT,RISARALDA,PEREIRA,2021-12-27,76.00883052132701,%
0026125710,APTO MATECAÑA TX GPS/GOES,RISARALDA,PEREIRA,2021-12-27,87.26086956521739,%
0026135300,PNN QUIMBAYA - AUT,RISARALDA,PEREIRA,2021-12-27,1.5833333333333333,%
0026135501,EL PILAMO  - AUT,RISARALDA,PEREIRA,2021-12-27,78.6338736318408,%
0026125508,LACATALINA  - AUT,RISARALDA,PEREIRA,2021-12-28,84.03237836501901,%
0026125710,APTO MATECAÑA TX GPS/GOES,RISARALDA,PEREIRA,2021-12-28,82.13043478260869,%
0026135300,PNN QUIMBAYA - AUT,RISARALDA,PEREIRA,2021-12-28,1.608695652173913,%
0026135501,EL PILAMO  - AUT,RISARALDA,PEREIRA,2021-12-28,79.82936633484164,%
0026125508,LACATALINA  - AUT,RISARALDA,PEREIRA,2021-12-29,89.9664121875,%
0026125710,APTO MATECAÑA TX GPS/GOES,RISARALDA,PEREIRA,2021-12-29,90.54166666666667,%
0026135300,PNN QUIMBAYA - AUT,RISARALDA,PEREIRA,2021-12-29,1.608695652173913,%
0026135501,EL PILAMO  - AUT,RISARALDA,PEREIRA,2021-12-29,82.84634820512821,%
0026125508,LACATALINA  - AUT,RISARALDA,PEREIRA,2021-12-30,80.64851255813953,%
0026125710,APTO MATECAÑA TX GPS/GOES,RISARALDA,PEREIRA,2021-12-30,87.69565217391305,%
0026135300,PNN QUIMBAYA - AUT,RISARALDA,PEREIRA,2021-12-30,2.111111111111111,%
0026135501,EL PILAMO  - AUT,RISARALDA,PEREIRA,2021-12-30,75.47653076502733,%
0026125508,LACATALINA  - AUT,RISARALDA,PEREIRA,2021-12-31,75.38272262745097,%
0026125710,APTO MATECAÑA TX GPS/GOES,RISARALDA,PEREIRA,2021-12-31,86.5,%
0026135300,PNN QUIMBAYA - AUT,RISARALDA,PEREIRA,2021-12-31,1.5833333333333333,%
0026135501,EL PILAMO  - AUT,RISARALDA,PEREIRA,2021-12-31,78.5756035046729,%
